,domain,phenomenon_number,phenomenon_name,sample_num,arg1_premises,arg1_conclusion,arg2_premises,arg2_conclusion,is_osherson,arg2_is_stronger
0,Birds,1,Premise-conclusion Similarity,-1,"['robin', 'bluejay']",sparrow,"['robin', 'bluejay']",goose,True,False
1,Birds,1,Premise-conclusion Similarity,0,['Falcons'],Herons,['Penguins'],Herons,False,False
2,Birds,1,Premise-conclusion Similarity,1,['Ostriches'],Seagulls,['Magpies'],Seagulls,False,True
3,Birds,1,Premise-conclusion Similarity,2,['Magpies'],Sparrows,['Storks'],Sparrows,False,False
4,Birds,1,Premise-conclusion Similarity,3,['Ostriches'],Storks,['Roosters'],Storks,False,False
5,Birds,1,Premise-conclusion Similarity,4,['Ostriches'],Turkeys,['Penguins'],Turkeys,False,False
6,Birds,1,Premise-conclusion Similarity,5,['Falcons'],Swallows,['Penguins'],Swallows,False,False
7,Birds,1,Premise-conclusion Similarity,7,['Parrots'],Canaries,['Penguins'],Canaries,False,False
8,Birds,1,Premise-conclusion Similarity,10,['Swans'],Falcons,['Vultures'],Falcons,False,True
9,Birds,1,Premise-conclusion Similarity,11,['Roosters'],Turkeys,['Penguins'],Turkeys,False,False
10,Birds,1,Premise-conclusion Similarity,12,['Chickens'],Eagles,['Owls'],Eagles,False,True
11,Birds,1,Premise-conclusion Similarity,13,['Vultures'],Herons,['Penguins'],Herons,False,False
12,Birds,1,Premise-conclusion Similarity,14,['Ducks'],Doves,['Ostriches'],Doves,False,False
13,Birds,1,Premise-conclusion Similarity,16,['Penguins'],Vultures,['Ostriches'],Vultures,False,True
14,Birds,1,Premise-conclusion Similarity,19,['Owls'],Eagles,['Ducks'],Eagles,False,False
15,Birds,1,Premise-conclusion Similarity,20,['Falcons'],Canaries,['Parrots'],Canaries,False,True
16,Birds,1,Premise-conclusion Similarity,21,['Swallows'],Magpies,['Swans'],Magpies,False,False
17,Birds,1,Premise-conclusion Similarity,23,['Roosters'],Peacocks,['Penguins'],Peacocks,False,False
18,Birds,1,Premise-conclusion Similarity,24,['Ducks'],Eagles,['Herons'],Eagles,False,True
19,Birds,1,Premise-conclusion Similarity,25,['Ostriches'],Doves,['Seagulls'],Doves,False,True
20,Birds,1,Premise-conclusion Similarity,26,['Penguins'],Doves,['Magpies'],Doves,False,True
21,Birds,1,Premise-conclusion Similarity,28,['Swallows'],Seagulls,['Ostriches'],Seagulls,False,False
22,Birds,1,Premise-conclusion Similarity,30,['Roosters'],Chickens,['Penguins'],Chickens,False,False
23,Birds,1,Premise-conclusion Similarity,34,['Storks'],Blackbirds,['Doves'],Blackbirds,False,True
24,Birds,2,Premise Typicality,-1,['robin'],Birds,['penguin'],Birds,True,False
25,Birds,2,Premise Typicality,0,['Penguins'],Birds,['Sparrows'],Birds,False,True
26,Birds,2,Premise Typicality,1,['Ostriches'],Birds,['Blackbirds'],Birds,False,True
27,Birds,2,Premise Typicality,3,['Ostriches'],Birds,['Doves'],Birds,False,True
28,Birds,2,Premise Typicality,4,['Blackbirds'],Birds,['Chickens'],Birds,False,False
29,Birds,2,Premise Typicality,5,['Chickens'],Birds,['Doves'],Birds,False,True
30,Birds,2,Premise Typicality,6,['Blackbirds'],Birds,['Turkeys'],Birds,False,False
31,Birds,2,Premise Typicality,7,['Roosters'],Birds,['Doves'],Birds,False,True
32,Birds,2,Premise Typicality,9,['Chickens'],Birds,['Crows'],Birds,False,True
33,Birds,2,Premise Typicality,10,['Robins'],Birds,['Chickens'],Birds,False,False
34,Birds,2,Premise Typicality,12,['Ostriches'],Birds,['Robins'],Birds,False,True
35,Birds,2,Premise Typicality,13,['Penguins'],Birds,['Blackbirds'],Birds,False,True
36,Birds,2,Premise Typicality,14,['Doves'],Birds,['Penguins'],Birds,False,False
37,Birds,2,Premise Typicality,16,['Roosters'],Birds,['Crows'],Birds,False,True
38,Birds,2,Premise Typicality,18,['Blackbirds'],Birds,['Roosters'],Birds,False,False
39,Birds,2,Premise Typicality,19,['Crows'],Birds,['Turkeys'],Birds,False,False
40,Birds,2,Premise Typicality,22,['Crows'],Birds,['Penguins'],Birds,False,False
41,Birds,2,Premise Typicality,24,['Doves'],Birds,['Turkeys'],Birds,False,False
42,Birds,2,Premise Typicality,31,['Sparrows'],Birds,['Turkeys'],Birds,False,False
43,Birds,2,Premise Typicality,34,['Roosters'],Birds,['Sparrows'],Birds,False,True
44,Birds,2,Premise Typicality,37,['Penguins'],Birds,['Robins'],Birds,False,True
45,Birds,2,Premise Typicality,66,['Ostriches'],Birds,['Sparrows'],Birds,False,True
46,Birds,2,Premise Typicality,77,['Robins'],Birds,['Roosters'],Birds,False,False
47,Birds,2,Premise Typicality,82,['Crows'],Birds,['Ostriches'],Birds,False,False
48,Birds,3,Conclusion Specificity,-1,"['bluejay', 'falcon']",Animals,"['bluejay', 'falcon']",Birds,True,True
49,Birds,3,Conclusion Specificity,0,"['Eagles', 'Crows']",Animals,"['Eagles', 'Crows']",Birds,False,True
50,Birds,3,Conclusion Specificity,1,"['Magpies', 'Turkeys']",Birds,"['Magpies', 'Turkeys']",Animals,False,False
51,Birds,3,Conclusion Specificity,2,"['Peacocks', 'Roosters']",Animals,"['Peacocks', 'Roosters']",Birds,False,True
52,Birds,3,Conclusion Specificity,3,"['Ostriches', 'Parrots']",Birds,"['Ostriches', 'Parrots']",Animals,False,False
53,Birds,3,Conclusion Specificity,4,"['Roosters', 'Turkeys']",Birds,"['Roosters', 'Turkeys']",Animals,False,False
54,Birds,3,Conclusion Specificity,5,"['Herons', 'Canaries']",Animals,"['Herons', 'Canaries']",Birds,False,True
55,Birds,3,Conclusion Specificity,6,"['Ducks', 'Turkeys']",Birds,"['Ducks', 'Turkeys']",Animals,False,False
56,Birds,3,Conclusion Specificity,7,"['Vultures', 'Turkeys']",Animals,"['Vultures', 'Turkeys']",Birds,False,True
57,Birds,3,Conclusion Specificity,8,"['Canaries', 'Magpies']",Birds,"['Canaries', 'Magpies']",Animals,False,False
58,Birds,3,Conclusion Specificity,9,"['Turkeys', 'Crows']",Birds,"['Turkeys', 'Crows']",Animals,False,False
59,Birds,3,Conclusion Specificity,10,"['Owls', 'Falcons']",Birds,"['Owls', 'Falcons']",Animals,False,False
60,Birds,3,Conclusion Specificity,12,"['Swans', 'Owls']",Animals,"['Swans', 'Owls']",Birds,False,True
61,Birds,3,Conclusion Specificity,13,"['Ducks', 'Sparrows']",Birds,"['Ducks', 'Sparrows']",Animals,False,False
62,Birds,3,Conclusion Specificity,15,"['Peacocks', 'Falcons']",Animals,"['Peacocks', 'Falcons']",Birds,False,True
63,Birds,3,Conclusion Specificity,17,"['Canaries', 'Vultures']",Animals,"['Canaries', 'Vultures']",Birds,False,True
64,Birds,3,Conclusion Specificity,18,"['Swallows', 'Magpies']",Animals,"['Swallows', 'Magpies']",Birds,False,True
65,Birds,3,Conclusion Specificity,19,"['Swans', 'Ostriches']",Birds,"['Swans', 'Ostriches']",Animals,False,False
66,Birds,3,Conclusion Specificity,20,"['Robins', 'Ostriches']",Birds,"['Robins', 'Ostriches']",Animals,False,False
67,Birds,3,Conclusion Specificity,21,"['Parrots', 'Herons']",Birds,"['Parrots', 'Herons']",Animals,False,False
68,Birds,3,Conclusion Specificity,22,"['Swallows', 'Sparrows']",Birds,"['Swallows', 'Sparrows']",Animals,False,False
69,Birds,3,Conclusion Specificity,23,"['Seagulls', 'Storks']",Animals,"['Seagulls', 'Storks']",Birds,False,True
70,Birds,3,Conclusion Specificity,24,"['Doves', 'Penguins']",Birds,"['Doves', 'Penguins']",Animals,False,False
71,Birds,3,Conclusion Specificity,26,"['Seagulls', 'Penguins']",Animals,"['Seagulls', 'Penguins']",Birds,False,True
72,Birds,4,Premise Monotonicity (General),-1,"['sparrow', 'eagle']",Birds,"['hawk', 'sparrow', 'eagle']",Birds,True,True
73,Birds,4,Premise Monotonicity (General),0,"['Canaries', 'Parrots']",Birds,"['Canaries', 'Parrots', 'Swans']",Birds,False,True
74,Birds,4,Premise Monotonicity (General),1,"['Falcons', 'Seagulls']",Birds,"['Falcons', 'Seagulls', 'Turkeys']",Birds,False,True
75,Birds,4,Premise Monotonicity (General),2,"['Eagles', 'Falcons']",Birds,"['Eagles', 'Falcons', 'Storks']",Birds,False,True
76,Birds,4,Premise Monotonicity (General),3,"['Swans', 'Storks', 'Penguins']",Birds,"['Swans', 'Storks']",Birds,False,False
77,Birds,4,Premise Monotonicity (General),4,"['Doves', 'Blackbirds']",Birds,"['Doves', 'Blackbirds', 'Magpies']",Birds,False,True
78,Birds,4,Premise Monotonicity (General),5,"['Chickens', 'Seagulls']",Birds,"['Chickens', 'Seagulls', 'Penguins']",Birds,False,True
79,Birds,4,Premise Monotonicity (General),6,"['Herons', 'Parrots']",Birds,"['Herons', 'Parrots', 'Falcons']",Birds,False,True
80,Birds,4,Premise Monotonicity (General),10,"['Falcons', 'Sparrows', 'Peacocks']",Birds,"['Falcons', 'Sparrows']",Birds,False,False
81,Birds,4,Premise Monotonicity (General),12,"['Seagulls', 'Doves']",Birds,"['Seagulls', 'Doves', 'Penguins']",Birds,False,True
82,Birds,4,Premise Monotonicity (General),13,"['Falcons', 'Parrots', 'Penguins']",Birds,"['Falcons', 'Parrots']",Birds,False,False
83,Birds,4,Premise Monotonicity (General),14,"['Falcons', 'Chickens', 'Roosters']",Birds,"['Falcons', 'Chickens']",Birds,False,False
84,Birds,4,Premise Monotonicity (General),15,"['Blackbirds', 'Owls']",Birds,"['Blackbirds', 'Owls', 'Storks']",Birds,False,True
85,Birds,4,Premise Monotonicity (General),16,"['Crows', 'Robins']",Birds,"['Crows', 'Robins', 'Herons']",Birds,False,True
86,Birds,4,Premise Monotonicity (General),17,"['Swans', 'Crows', 'Peacocks']",Birds,"['Swans', 'Crows']",Birds,False,False
87,Birds,4,Premise Monotonicity (General),18,"['Canaries', 'Owls']",Birds,"['Canaries', 'Owls', 'Ducks']",Birds,False,True
88,Birds,4,Premise Monotonicity (General),20,"['Magpies', 'Falcons']",Birds,"['Magpies', 'Falcons', 'Ducks']",Birds,False,True
89,Birds,4,Premise Monotonicity (General),22,"['Doves', 'Owls']",Birds,"['Doves', 'Owls', 'Ostriches']",Birds,False,True
90,Birds,4,Premise Monotonicity (General),23,"['Magpies', 'Blackbirds', 'Herons']",Birds,"['Magpies', 'Blackbirds']",Birds,False,False
91,Birds,4,Premise Monotonicity (General),24,"['Robins', 'Turkeys']",Birds,"['Robins', 'Turkeys', 'Chickens']",Birds,False,True
92,Birds,4,Premise Monotonicity (General),25,"['Robins', 'Seagulls']",Birds,"['Robins', 'Seagulls', 'Ducks']",Birds,False,True
93,Birds,4,Premise Monotonicity (General),26,"['Doves', 'Peacocks']",Birds,"['Doves', 'Peacocks', 'Ostriches']",Birds,False,True
94,Birds,4,Premise Monotonicity (General),27,"['Storks', 'Peacocks']",Birds,"['Storks', 'Peacocks', 'Chickens']",Birds,False,True
95,Birds,4,Premise Monotonicity (General),30,"['Storks', 'Robins']",Birds,"['Storks', 'Robins', 'Roosters']",Birds,False,True
96,Birds,5,Premise Monotonicity (Specific),0,"['Magpies', 'Owls']",Robins,"['Magpies', 'Owls', 'Ostriches']",Robins,False,True
97,Birds,5,Premise Monotonicity (Specific),1,"['Crows', 'Chickens']",Blackbirds,"['Crows', 'Chickens', 'Ostriches']",Blackbirds,False,True
98,Birds,5,Premise Monotonicity (Specific),2,"['Parrots', 'Falcons']",Peacocks,"['Parrots', 'Falcons', 'Penguins']",Peacocks,False,True
99,Birds,5,Premise Monotonicity (Specific),3,"['Owls', 'Swans', 'Penguins']",Vultures,"['Owls', 'Swans']",Vultures,False,False
100,Birds,5,Premise Monotonicity (Specific),5,"['Robins', 'Doves']",Penguins,"['Robins', 'Doves', 'Canaries']",Penguins,False,True
101,Birds,5,Premise Monotonicity (Specific),6,"['Blackbirds', 'Chickens']",Sparrows,"['Blackbirds', 'Chickens', 'Roosters']",Sparrows,False,True
102,Birds,5,Premise Monotonicity (Specific),7,"['Swans', 'Seagulls']",Penguins,"['Swans', 'Seagulls', 'Ostriches']",Penguins,False,True
103,Birds,5,Premise Monotonicity (Specific),8,"['Peacocks', 'Vultures', 'Ostriches']",Blackbirds,"['Peacocks', 'Vultures']",Blackbirds,False,False
104,Birds,5,Premise Monotonicity (Specific),9,"['Magpies', 'Doves', 'Chickens']",Herons,"['Magpies', 'Doves']",Herons,False,False
105,Birds,5,Premise Monotonicity (Specific),11,"['Herons', 'Sparrows', 'Ostriches']",Crows,"['Herons', 'Sparrows']",Crows,False,False
106,Birds,5,Premise Monotonicity (Specific),12,"['Crows', 'Chickens', 'Penguins']",Herons,"['Crows', 'Chickens']",Herons,False,False
107,Birds,5,Premise Monotonicity (Specific),14,"['Owls', 'Seagulls', 'Penguins']",Roosters,"['Owls', 'Seagulls']",Roosters,False,False
108,Birds,5,Premise Monotonicity (Specific),16,"['Blackbirds', 'Ducks', 'Turkeys']",Canaries,"['Blackbirds', 'Ducks']",Canaries,False,False
109,Birds,5,Premise Monotonicity (Specific),17,"['Eagles', 'Chickens']",Sparrows,"['Eagles', 'Chickens', 'Penguins']",Sparrows,False,True
110,Birds,5,Premise Monotonicity (Specific),20,"['Chickens', 'Turkeys']",Crows,"['Chickens', 'Turkeys', 'Penguins']",Crows,False,True
111,Birds,5,Premise Monotonicity (Specific),21,"['Peacocks', 'Blackbirds', 'Roosters']",Doves,"['Peacocks', 'Blackbirds']",Doves,False,False
112,Birds,5,Premise Monotonicity (Specific),22,"['Canaries', 'Seagulls']",Magpies,"['Canaries', 'Seagulls', 'Eagles']",Magpies,False,True
113,Birds,5,Premise Monotonicity (Specific),24,"['Ducks', 'Swallows']",Owls,"['Ducks', 'Swallows', 'Ostriches']",Owls,False,True
114,Birds,5,Premise Monotonicity (Specific),28,"['Seagulls', 'Falcons']",Herons,"['Seagulls', 'Falcons', 'Ducks']",Herons,False,True
115,Birds,5,Premise Monotonicity (Specific),30,"['Parrots', 'Swans', 'Roosters']",Ostriches,"['Parrots', 'Swans']",Ostriches,False,False
116,Birds,5,Premise Monotonicity (Specific),32,"['Peacocks', 'Chickens']",Robins,"['Peacocks', 'Chickens', 'Ostriches']",Robins,False,True
117,Birds,5,Premise Monotonicity (Specific),33,"['Parrots', 'Vultures', 'Peacocks']",Eagles,"['Parrots', 'Vultures']",Eagles,False,False
118,Birds,5,Premise Monotonicity (Specific),34,"['Eagles', 'Swans', 'Chickens']",Ostriches,"['Eagles', 'Swans']",Ostriches,False,False
119,Birds,5,Premise Monotonicity (Specific),36,"['Seagulls', 'Sparrows']",Swans,"['Seagulls', 'Sparrows', 'Canaries']",Swans,False,True
120,Birds,6,Premise Diversity (General),0,"['Falcons', 'Penguins']",Birds,"['Falcons', 'Vultures']",Birds,False,False
121,Birds,6,Premise Diversity (General),1,"['Vultures', 'Ostriches']",Birds,"['Vultures', 'Chickens']",Birds,False,True
122,Birds,6,Premise Diversity (General),2,"['Eagles', 'Ducks']",Birds,"['Eagles', 'Herons']",Birds,False,False
123,Birds,6,Premise Diversity (General),3,"['Eagles', 'Owls']",Birds,"['Eagles', 'Ducks']",Birds,False,True
124,Birds,6,Premise Diversity (General),4,"['Canaries', 'Parrots']",Birds,"['Canaries', 'Storks']",Birds,False,True
125,Birds,6,Premise Diversity (General),5,"['Crows', 'Swans']",Birds,"['Crows', 'Magpies']",Birds,False,False
126,Birds,6,Premise Diversity (General),6,"['Storks', 'Roosters']",Birds,"['Storks', 'Ostriches']",Birds,False,False
127,Birds,6,Premise Diversity (General),7,"['Vultures', 'Penguins']",Birds,"['Vultures', 'Ostriches']",Birds,False,False
128,Birds,6,Premise Diversity (General),8,"['Crows', 'Vultures']",Birds,"['Crows', 'Swans']",Birds,False,True
129,Birds,6,Premise Diversity (General),9,"['Canaries', 'Penguins']",Birds,"['Canaries', 'Parrots']",Birds,False,False
130,Birds,6,Premise Diversity (General),10,"['Vultures', 'Ducks']",Birds,"['Vultures', 'Ostriches']",Birds,False,False
131,Birds,6,Premise Diversity (General),11,"['Herons', 'Storks']",Birds,"['Herons', 'Penguins']",Birds,False,True
132,Birds,6,Premise Diversity (General),14,"['Peacocks', 'Penguins']",Birds,"['Peacocks', 'Roosters']",Birds,False,False
133,Birds,6,Premise Diversity (General),15,"['Swallows', 'Falcons']",Birds,"['Swallows', 'Penguins']",Birds,False,True
134,Birds,6,Premise Diversity (General),16,"['Falcons', 'Swans']",Birds,"['Falcons', 'Vultures']",Birds,False,False
135,Birds,6,Premise Diversity (General),21,"['Crows', 'Swans']",Birds,"['Crows', 'Swallows']",Birds,False,False
136,Birds,6,Premise Diversity (General),22,"['Turkeys', 'Roosters']",Birds,"['Turkeys', 'Penguins']",Birds,False,True
137,Birds,6,Premise Diversity (General),23,"['Blackbirds', 'Magpies']",Birds,"['Blackbirds', 'Swans']",Birds,False,True
138,Birds,6,Premise Diversity (General),24,"['Sparrows', 'Canaries']",Birds,"['Sparrows', 'Vultures']",Birds,False,True
139,Birds,6,Premise Diversity (General),28,"['Owls', 'Falcons']",Birds,"['Owls', 'Penguins']",Birds,False,True
140,Birds,6,Premise Diversity (General),29,"['Sparrows', 'Robins']",Birds,"['Sparrows', 'Penguins']",Birds,False,True
141,Birds,6,Premise Diversity (General),30,"['Seagulls', 'Ostriches']",Birds,"['Seagulls', 'Magpies']",Birds,False,False
142,Birds,6,Premise Diversity (General),31,"['Sparrows', 'Parrots']",Birds,"['Sparrows', 'Blackbirds']",Birds,False,False
143,Birds,6,Premise Diversity (General),32,"['Eagles', 'Swans']",Birds,"['Eagles', 'Herons']",Birds,False,False
144,Birds,7,Premise Diversity (Specific),5,"['Falcons', 'Swans']",Swallows,"['Falcons', 'Eagles']",Swallows,False,False
145,Birds,7,Premise Diversity (Specific),25,"['Vultures', 'Ostriches']",Magpies,"['Vultures', 'Chickens']",Magpies,False,True
146,Birds,7,Premise Diversity (Specific),34,"['Storks', 'Roosters']",Owls,"['Storks', 'Ostriches']",Owls,False,False
147,Birds,7,Premise Diversity (Specific),38,"['Ducks', 'Eagles']",Swallows,"['Ducks', 'Chickens']",Swallows,False,False
148,Birds,7,Premise Diversity (Specific),43,"['Turkeys', 'Roosters']",Swans,"['Turkeys', 'Penguins']",Swans,False,True
149,Birds,7,Premise Diversity (Specific),64,"['Turkeys', 'Penguins']",Storks,"['Turkeys', 'Roosters']",Storks,False,False
150,Birds,7,Premise Diversity (Specific),68,"['Ostriches', 'Roosters']",Vultures,"['Ostriches', 'Turkeys']",Vultures,False,False
151,Birds,7,Premise Diversity (Specific),73,"['Ostriches', 'Roosters']",Herons,"['Ostriches', 'Turkeys']",Herons,False,False
152,Birds,7,Premise Diversity (Specific),77,"['Storks', 'Swans']",Crows,"['Storks', 'Canaries']",Crows,False,True
153,Birds,7,Premise Diversity (Specific),84,"['Turkeys', 'Penguins']",Ducks,"['Turkeys', 'Peacocks']",Ducks,False,False
154,Birds,7,Premise Diversity (Specific),106,"['Turkeys', 'Penguins']",Blackbirds,"['Turkeys', 'Ostriches']",Blackbirds,False,False
155,Birds,7,Premise Diversity (Specific),122,"['Roosters', 'Peacocks']",Ducks,"['Roosters', 'Penguins']",Ducks,False,True
156,Birds,7,Premise Diversity (Specific),126,"['Owls', 'Swans']",Blackbirds,"['Owls', 'Eagles']",Blackbirds,False,False
157,Birds,7,Premise Diversity (Specific),131,"['Storks', 'Swans']",Owls,"['Storks', 'Roosters']",Owls,False,True
158,Birds,7,Premise Diversity (Specific),142,"['Chickens', 'Penguins']",Ducks,"['Chickens', 'Peacocks']",Ducks,False,False
159,Birds,7,Premise Diversity (Specific),143,"['Ducks', 'Chickens']",Seagulls,"['Ducks', 'Vultures']",Seagulls,False,True
160,Birds,7,Premise Diversity (Specific),163,"['Owls', 'Swans']",Swallows,"['Owls', 'Eagles']",Swallows,False,False
161,Birds,7,Premise Diversity (Specific),195,"['Parrots', 'Canaries']",Seagulls,"['Parrots', 'Penguins']",Seagulls,False,True
162,Birds,7,Premise Diversity (Specific),244,"['Crows', 'Swans']",Doves,"['Crows', 'Vultures']",Doves,False,False
163,Birds,7,Premise Diversity (Specific),245,"['Crows', 'Swans']",Doves,"['Crows', 'Herons']",Doves,False,False
164,Birds,7,Premise Diversity (Specific),313,"['Storks', 'Swans']",Eagles,"['Storks', 'Roosters']",Eagles,False,True
165,Birds,7,Premise Diversity (Specific),324,"['Vultures', 'Ostriches']",Blackbirds,"['Vultures', 'Penguins']",Blackbirds,False,True
166,Birds,7,Premise Diversity (Specific),385,"['Eagles', 'Chickens']",Seagulls,"['Eagles', 'Owls']",Seagulls,False,False
167,Birds,7,Premise Diversity (Specific),394,"['Roosters', 'Chickens']",Swallows,"['Roosters', 'Ostriches']",Swallows,False,True
168,Birds,8,Nonmonotonicity (General),-1,"['crow', 'peacock']",Birds,"['crow', 'peacock', 'rabbit']",Birds,True,False
169,Birds,8,Nonmonotonicity (General),0,"['Vultures', 'Peacocks']",Birds,"['Vultures', 'Peacocks', 'Leeches']",Birds,False,False
170,Birds,8,Nonmonotonicity (General),1,"['Swans', 'Eagles']",Birds,"['Swans', 'Eagles', 'Beetles']",Birds,False,False
171,Birds,8,Nonmonotonicity (General),2,"['Robins', 'Ostriches']",Birds,"['Robins', 'Ostriches', 'Dragonflies']",Birds,False,False
172,Birds,8,Nonmonotonicity (General),3,"['Ostriches', 'Ducks', 'Ladybugs']",Birds,"['Ostriches', 'Ducks']",Birds,False,True
173,Birds,8,Nonmonotonicity (General),4,"['Robins', 'Swans']",Birds,"['Robins', 'Swans', 'Earwigs']",Birds,False,False
174,Birds,8,Nonmonotonicity (General),5,"['Owls', 'Canaries', 'Beetles']",Birds,"['Owls', 'Canaries']",Birds,False,True
175,Birds,8,Nonmonotonicity (General),6,"['Turkeys', 'Vultures', 'Ladybugs']",Birds,"['Turkeys', 'Vultures']",Birds,False,True
176,Birds,8,Nonmonotonicity (General),7,"['Storks', 'Parrots']",Birds,"['Storks', 'Parrots', 'Spiders']",Birds,False,False
177,Birds,8,Nonmonotonicity (General),8,"['Eagles', 'Storks']",Birds,"['Eagles', 'Storks', 'Crickets']",Birds,False,False
178,Birds,8,Nonmonotonicity (General),9,"['Blackbirds', 'Vultures', 'Crickets']",Birds,"['Blackbirds', 'Vultures']",Birds,False,True
179,Birds,8,Nonmonotonicity (General),10,"['Vultures', 'Canaries', 'Earwigs']",Birds,"['Vultures', 'Canaries']",Birds,False,True
180,Birds,8,Nonmonotonicity (General),11,"['Roosters', 'Parrots']",Birds,"['Roosters', 'Parrots', 'Flies']",Birds,False,False
181,Birds,8,Nonmonotonicity (General),12,"['Blackbirds', 'Robins', 'Flees']",Birds,"['Blackbirds', 'Robins']",Birds,False,True
182,Birds,8,Nonmonotonicity (General),13,"['Chickens', 'Eagles', 'Ants']",Birds,"['Chickens', 'Eagles']",Birds,False,True
183,Birds,8,Nonmonotonicity (General),14,"['Ducks', 'Seagulls', 'Flies']",Birds,"['Ducks', 'Seagulls']",Birds,False,True
184,Birds,8,Nonmonotonicity (General),15,"['Roosters', 'Eagles', 'Centipedes']",Birds,"['Roosters', 'Eagles']",Birds,False,True
185,Birds,8,Nonmonotonicity (General),16,"['Magpies', 'Herons']",Birds,"['Magpies', 'Herons', 'Lice']",Birds,False,False
186,Birds,8,Nonmonotonicity (General),17,"['Roosters', 'Robins']",Birds,"['Roosters', 'Robins', 'Leeches']",Birds,False,False
187,Birds,8,Nonmonotonicity (General),18,"['Roosters', 'Crows']",Birds,"['Roosters', 'Crows', 'Lice']",Birds,False,False
188,Birds,8,Nonmonotonicity (General),19,"['Roosters', 'Parrots', 'Bees']",Birds,"['Roosters', 'Parrots']",Birds,False,True
189,Birds,8,Nonmonotonicity (General),20,"['Robins', 'Swans', 'Ants']",Birds,"['Robins', 'Swans']",Birds,False,True
190,Birds,8,Nonmonotonicity (General),21,"['Falcons', 'Canaries', 'Centipedes']",Birds,"['Falcons', 'Canaries']",Birds,False,True
191,Birds,8,Nonmonotonicity (General),22,"['Penguins', 'Storks', 'Butterflies']",Birds,"['Penguins', 'Storks']",Birds,False,True
192,Birds,9,Nonmonotonicity (Specific),0,['Vultures'],Canaries,"['Vultures', 'Centipedes']",Canaries,False,False
193,Birds,9,Nonmonotonicity (Specific),1,"['Penguins', 'Flees']",Crows,['Penguins'],Crows,False,True
194,Birds,9,Nonmonotonicity (Specific),2,"['Penguins', 'Caterpillars']",Roosters,['Penguins'],Roosters,False,True
195,Birds,9,Nonmonotonicity (Specific),3,"['Penguins', 'Flees']",Ducks,['Penguins'],Ducks,False,True
196,Birds,9,Nonmonotonicity (Specific),4,['Chickens'],Swans,"['Chickens', 'Wasps']",Swans,False,False
197,Birds,9,Nonmonotonicity (Specific),5,['Penguins'],Chickens,"['Penguins', 'Bumblebees']",Chickens,False,False
198,Birds,9,Nonmonotonicity (Specific),6,['Roosters'],Turkeys,"['Roosters', 'Cockroaches']",Turkeys,False,False
199,Birds,9,Nonmonotonicity (Specific),7,['Chickens'],Parrots,"['Chickens', 'Leeches']",Parrots,False,False
200,Birds,9,Nonmonotonicity (Specific),8,['Penguins'],Roosters,"['Penguins', 'Worms']",Roosters,False,False
201,Birds,9,Nonmonotonicity (Specific),9,"['Storks', 'Leeches']",Canaries,['Storks'],Canaries,False,True
202,Birds,9,Nonmonotonicity (Specific),10,"['Canaries', 'Earwigs']",Blackbirds,['Canaries'],Blackbirds,False,True
203,Birds,9,Nonmonotonicity (Specific),12,"['Falcons', 'Cockchafers']",Sparrows,['Falcons'],Sparrows,False,True
204,Birds,9,Nonmonotonicity (Specific),13,"['Swans', 'Leeches']",Crows,['Swans'],Crows,False,True
205,Birds,9,Nonmonotonicity (Specific),14,"['Turkeys', 'Cockroaches']",Seagulls,['Turkeys'],Seagulls,False,True
206,Birds,9,Nonmonotonicity (Specific),15,"['Eagles', 'Mosquitoes']",Magpies,['Eagles'],Magpies,False,True
207,Birds,9,Nonmonotonicity (Specific),16,['Peacocks'],Falcons,"['Peacocks', 'Cockroaches']",Falcons,False,False
208,Birds,9,Nonmonotonicity (Specific),17,"['Turkeys', 'Cockchafers']",Ducks,['Turkeys'],Ducks,False,True
209,Birds,9,Nonmonotonicity (Specific),19,"['Herons', 'Lice']",Canaries,['Herons'],Canaries,False,True
210,Birds,9,Nonmonotonicity (Specific),20,['Turkeys'],Eagles,"['Turkeys', 'Beetles']",Eagles,False,False
211,Birds,9,Nonmonotonicity (Specific),21,['Ducks'],Canaries,"['Ducks', 'Worms']",Canaries,False,False
212,Birds,9,Nonmonotonicity (Specific),22,"['Peacocks', 'Ants']",Falcons,['Peacocks'],Falcons,False,True
213,Birds,9,Nonmonotonicity (Specific),23,['Roosters'],Ostriches,"['Roosters', 'Bees']",Ostriches,False,False
214,Birds,9,Nonmonotonicity (Specific),27,"['Roosters', 'Mosquitoes']",Parrots,['Roosters'],Parrots,False,True
215,Birds,9,Nonmonotonicity (Specific),29,"['Peacocks', 'Cockchafers']",Ducks,['Peacocks'],Ducks,False,True
216,Birds,10,Premise-conclusion Asymmetry,0,['Peacocks'],Swallows,['Swallows'],Peacocks,False,True
217,Birds,10,Premise-conclusion Asymmetry,1,['Penguins'],Swallows,['Swallows'],Penguins,False,True
218,Birds,10,Premise-conclusion Asymmetry,2,['Swans'],Sparrows,['Sparrows'],Swans,False,True
219,Birds,10,Premise-conclusion Asymmetry,3,['Ducks'],Seagulls,['Seagulls'],Ducks,False,True
220,Birds,10,Premise-conclusion Asymmetry,4,['Doves'],Storks,['Storks'],Doves,False,False
221,Birds,10,Premise-conclusion Asymmetry,5,['Peacocks'],Canaries,['Canaries'],Peacocks,False,True
222,Birds,10,Premise-conclusion Asymmetry,7,['Sparrows'],Storks,['Storks'],Sparrows,False,False
223,Birds,10,Premise-conclusion Asymmetry,8,['Robins'],Ostriches,['Ostriches'],Robins,False,False
224,Birds,10,Premise-conclusion Asymmetry,9,['Canaries'],Turkeys,['Turkeys'],Canaries,False,False
225,Birds,10,Premise-conclusion Asymmetry,10,['Swallows'],Ducks,['Ducks'],Swallows,False,False
226,Birds,10,Premise-conclusion Asymmetry,12,['Turkeys'],Blackbirds,['Blackbirds'],Turkeys,False,True
227,Birds,10,Premise-conclusion Asymmetry,15,['Turkeys'],Eagles,['Eagles'],Turkeys,False,True
228,Birds,10,Premise-conclusion Asymmetry,16,['Crows'],Storks,['Storks'],Crows,False,False
229,Birds,10,Premise-conclusion Asymmetry,17,['Vultures'],Sparrows,['Sparrows'],Vultures,False,True
230,Birds,10,Premise-conclusion Asymmetry,18,['Turkeys'],Crows,['Crows'],Turkeys,False,True
231,Birds,10,Premise-conclusion Asymmetry,19,['Roosters'],Blackbirds,['Blackbirds'],Roosters,False,True
232,Birds,10,Premise-conclusion Asymmetry,20,['Swans'],Blackbirds,['Blackbirds'],Swans,False,True
233,Birds,10,Premise-conclusion Asymmetry,21,['Swans'],Eagles,['Eagles'],Swans,False,True
234,Birds,10,Premise-conclusion Asymmetry,22,['Seagulls'],Swans,['Swans'],Seagulls,False,False
235,Birds,10,Premise-conclusion Asymmetry,23,['Sparrows'],Peacocks,['Peacocks'],Sparrows,False,False
236,Birds,10,Premise-conclusion Asymmetry,24,['Doves'],Turkeys,['Turkeys'],Doves,False,False
237,Birds,10,Premise-conclusion Asymmetry,25,['Chickens'],Magpies,['Magpies'],Chickens,False,True
238,Birds,10,Premise-conclusion Asymmetry,27,['Vultures'],Eagles,['Eagles'],Vultures,False,True
239,Birds,10,Premise-conclusion Asymmetry,28,['Storks'],Swallows,['Swallows'],Storks,False,True
240,Birds,11,Inclusion Fallacy,-1,['robin'],Birds,['robin'],ostrich,True,False
241,Birds,11,Inclusion Fallacy,0,['Crows'],Birds,['Crows'],Peacocks,False,False
242,Birds,11,Inclusion Fallacy,1,['Seagulls'],Birds,['Seagulls'],Storks,False,False
243,Birds,11,Inclusion Fallacy,2,['Robins'],Swans,['Robins'],Birds,False,True
244,Birds,11,Inclusion Fallacy,3,['Magpies'],Turkeys,['Magpies'],Birds,False,True
245,Birds,11,Inclusion Fallacy,4,['Crows'],Chickens,['Crows'],Birds,False,True
246,Birds,11,Inclusion Fallacy,5,['Blackbirds'],Turkeys,['Blackbirds'],Birds,False,True
247,Birds,11,Inclusion Fallacy,6,['Magpies'],Birds,['Magpies'],Swans,False,False
248,Birds,11,Inclusion Fallacy,7,['Canaries'],Birds,['Canaries'],Swans,False,False
249,Birds,11,Inclusion Fallacy,8,['Crows'],Birds,['Crows'],Ducks,False,False
250,Birds,11,Inclusion Fallacy,9,['Sparrows'],Birds,['Sparrows'],Turkeys,False,False
251,Birds,11,Inclusion Fallacy,10,['Robins'],Birds,['Robins'],Storks,False,False
252,Birds,11,Inclusion Fallacy,11,['Canaries'],Ducks,['Canaries'],Birds,False,True
253,Birds,11,Inclusion Fallacy,14,['Robins'],Birds,['Robins'],Ostriches,False,False
254,Birds,11,Inclusion Fallacy,17,['Eagles'],Turkeys,['Eagles'],Birds,False,True
255,Birds,11,Inclusion Fallacy,18,['Swallows'],Vultures,['Swallows'],Birds,False,True
256,Birds,11,Inclusion Fallacy,19,['Sparrows'],Birds,['Sparrows'],Roosters,False,False
257,Birds,11,Inclusion Fallacy,20,['Magpies'],Birds,['Magpies'],Ducks,False,False
258,Birds,11,Inclusion Fallacy,21,['Seagulls'],Birds,['Seagulls'],Turkeys,False,False
259,Birds,11,Inclusion Fallacy,23,['Sparrows'],Vultures,['Sparrows'],Birds,False,True
260,Birds,11,Inclusion Fallacy,24,['Doves'],Birds,['Doves'],Vultures,False,False
261,Birds,11,Inclusion Fallacy,25,['Robins'],Birds,['Robins'],Chickens,False,False
262,Birds,11,Inclusion Fallacy,26,['Magpies'],Chickens,['Magpies'],Birds,False,True
263,Birds,11,Inclusion Fallacy,27,['Magpies'],Birds,['Magpies'],Vultures,False,False
264,Mammals,1,Premise-conclusion Similarity,0,['Zebras'],Donkeys,['Hamsters'],Donkeys,False,False
265,Mammals,1,Premise-conclusion Similarity,2,['Hedgehogs'],Mice,['Rhinos'],Mice,False,False
266,Mammals,1,Premise-conclusion Similarity,3,['Bats'],Tigers,['Zebras'],Tigers,False,True
267,Mammals,1,Premise-conclusion Similarity,5,['Rhinos'],Mice,['Hamsters'],Mice,False,True
268,Mammals,1,Premise-conclusion Similarity,6,['Camels'],Llamas,['Bats'],Llamas,False,False
269,Mammals,1,Premise-conclusion Similarity,7,['Rhinos'],Dogs,['Lions'],Dogs,False,True
270,Mammals,1,Premise-conclusion Similarity,8,['Hamsters'],Horses,['Donkeys'],Horses,False,True
271,Mammals,1,Premise-conclusion Similarity,12,['Llamas'],Tigers,['Mice'],Tigers,False,False
272,Mammals,1,Premise-conclusion Similarity,14,['Beavers'],Hamsters,['Camels'],Hamsters,False,False
273,Mammals,1,Premise-conclusion Similarity,16,['Bats'],Deer,['Zebras'],Deer,False,True
274,Mammals,1,Premise-conclusion Similarity,17,['Hamsters'],Elephants,['Rhinos'],Elephants,False,True
275,Mammals,1,Premise-conclusion Similarity,18,['Giraffes'],Deer,['Hedgehogs'],Deer,False,False
276,Mammals,1,Premise-conclusion Similarity,19,['Rabbits'],Lions,['Zebras'],Lions,False,True
277,Mammals,1,Premise-conclusion Similarity,20,['Hedgehogs'],Llamas,['Camels'],Llamas,False,True
278,Mammals,1,Premise-conclusion Similarity,22,['Bats'],Zebras,['Llamas'],Zebras,False,True
279,Mammals,1,Premise-conclusion Similarity,26,['Camels'],Horses,['Bats'],Horses,False,False
280,Mammals,1,Premise-conclusion Similarity,27,['Elephants'],Rabbits,['Beavers'],Rabbits,False,True
281,Mammals,1,Premise-conclusion Similarity,30,['Giraffes'],Elephants,['Hedgehogs'],Elephants,False,False
282,Mammals,1,Premise-conclusion Similarity,31,['Hamsters'],Lions,['Tigers'],Lions,False,True
283,Mammals,1,Premise-conclusion Similarity,33,['Squirrels'],Rabbits,['Rhinos'],Rabbits,False,False
284,Mammals,1,Premise-conclusion Similarity,34,['Bats'],Zebras,['Giraffes'],Zebras,False,True
285,Mammals,1,Premise-conclusion Similarity,39,['Mice'],Horses,['Deer'],Horses,False,True
286,Mammals,1,Premise-conclusion Similarity,40,['Llamas'],Tigers,['Bats'],Tigers,False,False
287,Mammals,1,Premise-conclusion Similarity,42,['Hedgehogs'],Deer,['Llamas'],Deer,False,True
288,Mammals,2,Premise Typicality,0,['Bats'],Mammals,['Dogs'],Mammals,False,True
289,Mammals,2,Premise Typicality,1,['Dogs'],Mammals,['Squirrels'],Mammals,False,False
290,Mammals,2,Premise Typicality,2,['Squirrels'],Mammals,['Lions'],Mammals,False,True
291,Mammals,2,Premise Typicality,3,['Camels'],Mammals,['Horses'],Mammals,False,True
292,Mammals,2,Premise Typicality,4,['Cows'],Mammals,['Camels'],Mammals,False,False
293,Mammals,2,Premise Typicality,5,['Cows'],Mammals,['Bats'],Mammals,False,False
294,Mammals,2,Premise Typicality,6,['Cats'],Mammals,['Beavers'],Mammals,False,False
295,Mammals,2,Premise Typicality,8,['Horses'],Mammals,['Hedgehogs'],Mammals,False,False
296,Mammals,2,Premise Typicality,9,['Hedgehogs'],Mammals,['Cows'],Mammals,False,True
297,Mammals,2,Premise Typicality,11,['Beavers'],Mammals,['Dogs'],Mammals,False,True
298,Mammals,2,Premise Typicality,12,['Squirrels'],Mammals,['Horses'],Mammals,False,True
299,Mammals,2,Premise Typicality,13,['Camels'],Mammals,['Dogs'],Mammals,False,True
300,Mammals,2,Premise Typicality,14,['Beavers'],Mammals,['Lions'],Mammals,False,True
301,Mammals,2,Premise Typicality,22,['Hedgehogs'],Mammals,['Dogs'],Mammals,False,True
302,Mammals,2,Premise Typicality,26,['Bats'],Mammals,['Lions'],Mammals,False,True
303,Mammals,2,Premise Typicality,32,['Cats'],Mammals,['Hedgehogs'],Mammals,False,False
304,Mammals,2,Premise Typicality,34,['Lions'],Mammals,['Camels'],Mammals,False,False
305,Mammals,2,Premise Typicality,35,['Cows'],Mammals,['Squirrels'],Mammals,False,False
306,Mammals,2,Premise Typicality,39,['Horses'],Mammals,['Beavers'],Mammals,False,False
307,Mammals,2,Premise Typicality,41,['Cats'],Mammals,['Bats'],Mammals,False,False
308,Mammals,2,Premise Typicality,42,['Beavers'],Mammals,['Cows'],Mammals,False,True
309,Mammals,2,Premise Typicality,45,['Camels'],Mammals,['Cats'],Mammals,False,True
310,Mammals,2,Premise Typicality,63,['Horses'],Mammals,['Bats'],Mammals,False,False
311,Mammals,2,Premise Typicality,70,['Hedgehogs'],Mammals,['Lions'],Mammals,False,True
312,Mammals,3,Conclusion Specificity,0,"['Deer', 'Mice']",Mammals,"['Deer', 'Mice']",Animals,False,False
313,Mammals,3,Conclusion Specificity,1,"['Squirrels', 'Hamsters']",Mammals,"['Squirrels', 'Hamsters']",Animals,False,False
314,Mammals,3,Conclusion Specificity,2,"['Mice', 'Tigers']",Mammals,"['Mice', 'Tigers']",Animals,False,False
315,Mammals,3,Conclusion Specificity,3,"['Hedgehogs', 'Rabbits']",Mammals,"['Hedgehogs', 'Rabbits']",Animals,False,False
316,Mammals,3,Conclusion Specificity,4,"['Rabbits', 'Hamsters']",Animals,"['Rabbits', 'Hamsters']",Mammals,False,True
317,Mammals,3,Conclusion Specificity,5,"['Rhinos', 'Rabbits']",Mammals,"['Rhinos', 'Rabbits']",Animals,False,False
318,Mammals,3,Conclusion Specificity,6,"['Bats', 'Dogs']",Mammals,"['Bats', 'Dogs']",Animals,False,False
319,Mammals,3,Conclusion Specificity,7,"['Elephants', 'Mice']",Animals,"['Elephants', 'Mice']",Mammals,False,True
320,Mammals,3,Conclusion Specificity,8,"['Kangaroos', 'Elephants']",Mammals,"['Kangaroos', 'Elephants']",Animals,False,False
321,Mammals,3,Conclusion Specificity,9,"['Cats', 'Camels']",Animals,"['Cats', 'Camels']",Mammals,False,True
322,Mammals,3,Conclusion Specificity,10,"['Bats', 'Sheep']",Animals,"['Bats', 'Sheep']",Mammals,False,True
323,Mammals,3,Conclusion Specificity,11,"['Zebras', 'Rhinos']",Mammals,"['Zebras', 'Rhinos']",Animals,False,False
324,Mammals,3,Conclusion Specificity,12,"['Deer', 'Sheep']",Animals,"['Deer', 'Sheep']",Mammals,False,True
325,Mammals,3,Conclusion Specificity,13,"['Horses', 'Rhinos']",Animals,"['Horses', 'Rhinos']",Mammals,False,True
326,Mammals,3,Conclusion Specificity,14,"['Hedgehogs', 'Llamas']",Animals,"['Hedgehogs', 'Llamas']",Mammals,False,True
327,Mammals,3,Conclusion Specificity,15,"['Kangaroos', 'Cows']",Mammals,"['Kangaroos', 'Cows']",Animals,False,False
328,Mammals,3,Conclusion Specificity,16,"['Beavers', 'Mice']",Mammals,"['Beavers', 'Mice']",Animals,False,False
329,Mammals,3,Conclusion Specificity,17,"['Rabbits', 'Pigs']",Animals,"['Rabbits', 'Pigs']",Mammals,False,True
330,Mammals,3,Conclusion Specificity,18,"['Rhinos', 'Camels']",Mammals,"['Rhinos', 'Camels']",Animals,False,False
331,Mammals,3,Conclusion Specificity,19,"['Squirrels', 'Deer']",Mammals,"['Squirrels', 'Deer']",Animals,False,False
332,Mammals,3,Conclusion Specificity,20,"['Mice', 'Camels']",Mammals,"['Mice', 'Camels']",Animals,False,False
333,Mammals,3,Conclusion Specificity,22,"['Elephants', 'Sheep']",Animals,"['Elephants', 'Sheep']",Mammals,False,True
334,Mammals,3,Conclusion Specificity,23,"['Cats', 'Beavers']",Mammals,"['Cats', 'Beavers']",Animals,False,False
335,Mammals,3,Conclusion Specificity,24,"['Tigers', 'Cows']",Mammals,"['Tigers', 'Cows']",Animals,False,False
336,Mammals,4,Premise Monotonicity (General),0,"['Rhinos', 'Zebras', 'Squirrels']",Mammals,"['Rhinos', 'Zebras']",Mammals,False,False
337,Mammals,4,Premise Monotonicity (General),1,"['Tigers', 'Donkeys']",Mammals,"['Tigers', 'Donkeys', 'Beavers']",Mammals,False,True
338,Mammals,4,Premise Monotonicity (General),3,"['Sheep', 'Donkeys', 'Rabbits']",Mammals,"['Sheep', 'Donkeys']",Mammals,False,False
339,Mammals,4,Premise Monotonicity (General),4,"['Mice', 'Lions', 'Rhinos']",Mammals,"['Mice', 'Lions']",Mammals,False,False
340,Mammals,4,Premise Monotonicity (General),5,"['Mice', 'Rabbits', 'Rhinos']",Mammals,"['Mice', 'Rabbits']",Mammals,False,False
341,Mammals,4,Premise Monotonicity (General),6,"['Mice', 'Giraffes']",Mammals,"['Mice', 'Giraffes', 'Beavers']",Mammals,False,True
342,Mammals,4,Premise Monotonicity (General),7,"['Pigs', 'Zebras', 'Beavers']",Mammals,"['Pigs', 'Zebras']",Mammals,False,False
343,Mammals,4,Premise Monotonicity (General),8,"['Cows', 'Elephants']",Mammals,"['Cows', 'Elephants', 'Llamas']",Mammals,False,True
344,Mammals,4,Premise Monotonicity (General),10,"['Rabbits', 'Deer', 'Hedgehogs']",Mammals,"['Rabbits', 'Deer']",Mammals,False,False
345,Mammals,4,Premise Monotonicity (General),12,"['Pigs', 'Hamsters', 'Hedgehogs']",Mammals,"['Pigs', 'Hamsters']",Mammals,False,False
346,Mammals,4,Premise Monotonicity (General),13,"['Llamas', 'Tigers']",Mammals,"['Llamas', 'Tigers', 'Camels']",Mammals,False,True
347,Mammals,4,Premise Monotonicity (General),14,"['Kangaroos', 'Tigers', 'Camels']",Mammals,"['Kangaroos', 'Tigers']",Mammals,False,False
348,Mammals,4,Premise Monotonicity (General),15,"['Cats', 'Camels', 'Bats']",Mammals,"['Cats', 'Camels']",Mammals,False,False
349,Mammals,4,Premise Monotonicity (General),16,"['Lions', 'Dogs', 'Camels']",Mammals,"['Lions', 'Dogs']",Mammals,False,False
350,Mammals,4,Premise Monotonicity (General),18,"['Donkeys', 'Rhinos', 'Kangaroos']",Mammals,"['Donkeys', 'Rhinos']",Mammals,False,False
351,Mammals,4,Premise Monotonicity (General),20,"['Camels', 'Mice']",Mammals,"['Camels', 'Mice', 'Beavers']",Mammals,False,True
352,Mammals,4,Premise Monotonicity (General),21,"['Kangaroos', 'Camels', 'Hedgehogs']",Mammals,"['Kangaroos', 'Camels']",Mammals,False,False
353,Mammals,4,Premise Monotonicity (General),23,"['Tigers', 'Kangaroos']",Mammals,"['Tigers', 'Kangaroos', 'Squirrels']",Mammals,False,True
354,Mammals,4,Premise Monotonicity (General),24,"['Tigers', 'Dogs']",Mammals,"['Tigers', 'Dogs', 'Rhinos']",Mammals,False,True
355,Mammals,4,Premise Monotonicity (General),25,"['Cows', 'Llamas', 'Bats']",Mammals,"['Cows', 'Llamas']",Mammals,False,False
356,Mammals,4,Premise Monotonicity (General),26,"['Donkeys', 'Zebras']",Mammals,"['Donkeys', 'Zebras', 'Rhinos']",Mammals,False,True
357,Mammals,4,Premise Monotonicity (General),28,"['Dogs', 'Mice']",Mammals,"['Dogs', 'Mice', 'Beavers']",Mammals,False,True
358,Mammals,4,Premise Monotonicity (General),29,"['Rhinos', 'Deer']",Mammals,"['Rhinos', 'Deer', 'Hedgehogs']",Mammals,False,True
359,Mammals,4,Premise Monotonicity (General),37,"['Deer', 'Zebras', 'Llamas']",Mammals,"['Deer', 'Zebras']",Mammals,False,False
360,Mammals,5,Premise Monotonicity (Specific),-1,"['fox', 'pig', 'wolf']",gorilla,"['pig', 'wolf']",gorilla,True,False
361,Mammals,5,Premise Monotonicity (Specific),0,"['Horses', 'Mice', 'Camels']",Rabbits,"['Horses', 'Mice']",Rabbits,False,False
362,Mammals,5,Premise Monotonicity (Specific),3,"['Cats', 'Pigs']",Hamsters,"['Cats', 'Pigs', 'Donkeys']",Hamsters,False,True
363,Mammals,5,Premise Monotonicity (Specific),4,"['Zebras', 'Hamsters']",Llamas,"['Zebras', 'Hamsters', 'Beavers']",Llamas,False,True
364,Mammals,5,Premise Monotonicity (Specific),5,"['Donkeys', 'Horses', 'Elephants']",Cats,"['Donkeys', 'Horses']",Cats,False,False
365,Mammals,5,Premise Monotonicity (Specific),6,"['Mice', 'Horses', 'Rhinos']",Cats,"['Mice', 'Horses']",Cats,False,False
366,Mammals,5,Premise Monotonicity (Specific),7,"['Cats', 'Sheep', 'Camels']",Hedgehogs,"['Cats', 'Sheep']",Hedgehogs,False,False
367,Mammals,5,Premise Monotonicity (Specific),8,"['Pigs', 'Hamsters']",Bats,"['Pigs', 'Hamsters', 'Camels']",Bats,False,True
368,Mammals,5,Premise Monotonicity (Specific),9,"['Rabbits', 'Mice', 'Kangaroos']",Sheep,"['Rabbits', 'Mice']",Sheep,False,False
369,Mammals,5,Premise Monotonicity (Specific),11,"['Deer', 'Rhinos']",Llamas,"['Deer', 'Rhinos', 'Bats']",Llamas,False,True
370,Mammals,5,Premise Monotonicity (Specific),12,"['Lions', 'Cows']",Bats,"['Lions', 'Cows', 'Elephants']",Bats,False,True
371,Mammals,5,Premise Monotonicity (Specific),14,"['Dogs', 'Hamsters', 'Hedgehogs']",Tigers,"['Dogs', 'Hamsters']",Tigers,False,False
372,Mammals,5,Premise Monotonicity (Specific),15,"['Hamsters', 'Rhinos']",Elephants,"['Hamsters', 'Rhinos', 'Bats']",Elephants,False,True
373,Mammals,5,Premise Monotonicity (Specific),17,"['Squirrels', 'Donkeys']",Sheep,"['Squirrels', 'Donkeys', 'Hedgehogs']",Sheep,False,True
374,Mammals,5,Premise Monotonicity (Specific),19,"['Lions', 'Camels']",Zebras,"['Lions', 'Camels', 'Beavers']",Zebras,False,True
375,Mammals,5,Premise Monotonicity (Specific),20,"['Zebras', 'Horses', 'Kangaroos']",Donkeys,"['Zebras', 'Horses']",Donkeys,False,False
376,Mammals,5,Premise Monotonicity (Specific),21,"['Zebras', 'Llamas']",Kangaroos,"['Zebras', 'Llamas', 'Bats']",Kangaroos,False,True
377,Mammals,5,Premise Monotonicity (Specific),24,"['Zebras', 'Deer']",Tigers,"['Zebras', 'Deer', 'Squirrels']",Tigers,False,True
378,Mammals,5,Premise Monotonicity (Specific),28,"['Camels', 'Lions', 'Beavers']",Deer,"['Camels', 'Lions']",Deer,False,False
379,Mammals,5,Premise Monotonicity (Specific),30,"['Camels', 'Kangaroos', 'Beavers']",Llamas,"['Camels', 'Kangaroos']",Llamas,False,False
380,Mammals,5,Premise Monotonicity (Specific),35,"['Llamas', 'Tigers']",Deer,"['Llamas', 'Tigers', 'Squirrels']",Deer,False,True
381,Mammals,5,Premise Monotonicity (Specific),38,"['Rabbits', 'Squirrels', 'Bats']",Cows,"['Rabbits', 'Squirrels']",Cows,False,False
382,Mammals,5,Premise Monotonicity (Specific),39,"['Horses', 'Rabbits', 'Bats']",Cows,"['Horses', 'Rabbits']",Cows,False,False
383,Mammals,5,Premise Monotonicity (Specific),42,"['Rabbits', 'Squirrels']",Mice,"['Rabbits', 'Squirrels', 'Camels']",Mice,False,True
384,Mammals,6,Premise Diversity (General),-1,"['hippo', 'hamster']",Mammals,"['hippo', 'rhinocerose']",Mammals,True,False
385,Mammals,6,Premise Diversity (General),1,"['Giraffes', 'Squirrels']",Mammals,"['Giraffes', 'Llamas']",Mammals,False,False
386,Mammals,6,Premise Diversity (General),2,"['Donkeys', 'Hamsters']",Mammals,"['Donkeys', 'Llamas']",Mammals,False,False
387,Mammals,6,Premise Diversity (General),4,"['Lions', 'Tigers']",Mammals,"['Lions', 'Hamsters']",Mammals,False,True
388,Mammals,6,Premise Diversity (General),7,"['Deer', 'Giraffes']",Mammals,"['Deer', 'Hedgehogs']",Mammals,False,True
389,Mammals,6,Premise Diversity (General),8,"['Elephants', 'Giraffes']",Mammals,"['Elephants', 'Hamsters']",Mammals,False,True
390,Mammals,6,Premise Diversity (General),9,"['Zebras', 'Bats']",Mammals,"['Zebras', 'Llamas']",Mammals,False,False
391,Mammals,6,Premise Diversity (General),12,"['Cats', 'Rhinos']",Mammals,"['Cats', 'Lions']",Mammals,False,False
392,Mammals,6,Premise Diversity (General),15,"['Lions', 'Zebras']",Mammals,"['Lions', 'Mice']",Mammals,False,True
393,Mammals,6,Premise Diversity (General),18,"['Elephants', 'Mice']",Mammals,"['Elephants', 'Rhinos']",Mammals,False,False
394,Mammals,6,Premise Diversity (General),19,"['Zebras', 'Hedgehogs']",Mammals,"['Zebras', 'Giraffes']",Mammals,False,False
395,Mammals,6,Premise Diversity (General),22,"['Elephants', 'Bats']",Mammals,"['Elephants', 'Rhinos']",Mammals,False,False
396,Mammals,6,Premise Diversity (General),23,"['Donkeys', 'Hamsters']",Mammals,"['Donkeys', 'Zebras']",Mammals,False,False
397,Mammals,6,Premise Diversity (General),27,"['Cows', 'Zebras']",Mammals,"['Cows', 'Rabbits']",Mammals,False,True
398,Mammals,6,Premise Diversity (General),28,"['Dogs', 'Cats']",Mammals,"['Dogs', 'Giraffes']",Mammals,False,True
399,Mammals,6,Premise Diversity (General),29,"['Lions', 'Tigers']",Mammals,"['Lions', 'Bats']",Mammals,False,True
400,Mammals,6,Premise Diversity (General),31,"['Horses', 'Hamsters']",Mammals,"['Horses', 'Camels']",Mammals,False,False
401,Mammals,6,Premise Diversity (General),33,"['Cows', 'Zebras']",Mammals,"['Cows', 'Bats']",Mammals,False,True
402,Mammals,6,Premise Diversity (General),34,"['Cows', 'Zebras']",Mammals,"['Cows', 'Squirrels']",Mammals,False,True
403,Mammals,6,Premise Diversity (General),35,"['Lions', 'Tigers']",Mammals,"['Lions', 'Squirrels']",Mammals,False,True
404,Mammals,6,Premise Diversity (General),42,"['Llamas', 'Bats']",Mammals,"['Llamas', 'Camels']",Mammals,False,False
405,Mammals,6,Premise Diversity (General),44,"['Cats', 'Rabbits']",Mammals,"['Cats', 'Elephants']",Mammals,False,True
406,Mammals,6,Premise Diversity (General),48,"['Zebras', 'Squirrels']",Mammals,"['Zebras', 'Giraffes']",Mammals,False,False
407,Mammals,6,Premise Diversity (General),50,"['Tigers', 'Llamas']",Mammals,"['Tigers', 'Hedgehogs']",Mammals,False,True
408,Mammals,7,Premise Diversity (Specific),-1,"['lion', 'tiger']",rabbit,"['lion', 'giraffe']",rabbit,True,True
409,Mammals,7,Premise Diversity (Specific),40,"['Mice', 'Hedgehogs']",Sheep,"['Mice', 'Elephants']",Sheep,False,True
410,Mammals,7,Premise Diversity (Specific),51,"['Beavers', 'Hamsters']",Rhinos,"['Beavers', 'Bats']",Rhinos,False,True
411,Mammals,7,Premise Diversity (Specific),57,"['Llamas', 'Giraffes']",Sheep,"['Llamas', 'Hedgehogs']",Sheep,False,True
412,Mammals,7,Premise Diversity (Specific),68,"['Elephants', 'Giraffes']",Dogs,"['Elephants', 'Hedgehogs']",Dogs,False,True
413,Mammals,7,Premise Diversity (Specific),91,"['Beavers', 'Hamsters']",Giraffes,"['Beavers', 'Bats']",Giraffes,False,True
414,Mammals,7,Premise Diversity (Specific),120,"['Giraffes', 'Camels']",Rabbits,"['Giraffes', 'Bats']",Rabbits,False,True
415,Mammals,7,Premise Diversity (Specific),125,"['Deer', 'Bats']",Rabbits,"['Deer', 'Zebras']",Rabbits,False,False
416,Mammals,7,Premise Diversity (Specific),142,"['Llamas', 'Camels']",Rabbits,"['Llamas', 'Bats']",Rabbits,False,True
417,Mammals,7,Premise Diversity (Specific),156,"['Llamas', 'Hedgehogs']",Dogs,"['Llamas', 'Cows']",Dogs,False,False
418,Mammals,7,Premise Diversity (Specific),184,"['Deer', 'Giraffes']",Dogs,"['Deer', 'Mice']",Dogs,False,True
419,Mammals,7,Premise Diversity (Specific),188,"['Donkeys', 'Zebras']",Sheep,"['Donkeys', 'Hamsters']",Sheep,False,True
420,Mammals,7,Premise Diversity (Specific),225,"['Elephants', 'Giraffes']",Dogs,"['Elephants', 'Mice']",Dogs,False,True
421,Mammals,7,Premise Diversity (Specific),233,"['Camels', 'Giraffes']",Sheep,"['Camels', 'Mice']",Sheep,False,True
422,Mammals,7,Premise Diversity (Specific),281,"['Hamsters', 'Elephants']",Sheep,"['Hamsters', 'Hedgehogs']",Sheep,False,False
423,Mammals,7,Premise Diversity (Specific),296,"['Hedgehogs', 'Hamsters']",Pigs,"['Hedgehogs', 'Zebras']",Pigs,False,True
424,Mammals,7,Premise Diversity (Specific),305,"['Beavers', 'Bats']",Donkeys,"['Beavers', 'Hamsters']",Donkeys,False,False
425,Mammals,7,Premise Diversity (Specific),324,"['Pigs', 'Hamsters']",Dogs,"['Pigs', 'Cows']",Dogs,False,False
426,Mammals,7,Premise Diversity (Specific),404,"['Beavers', 'Hamsters']",Pigs,"['Beavers', 'Elephants']",Pigs,False,True
427,Mammals,7,Premise Diversity (Specific),408,"['Deer', 'Llamas']",Cats,"['Deer', 'Hedgehogs']",Cats,False,True
428,Mammals,7,Premise Diversity (Specific),423,"['Rabbits', 'Rhinos']",Pigs,"['Rabbits', 'Hamsters']",Pigs,False,False
429,Mammals,7,Premise Diversity (Specific),430,"['Hedgehogs', 'Zebras']",Pigs,"['Hedgehogs', 'Squirrels']",Pigs,False,False
430,Mammals,7,Premise Diversity (Specific),546,"['Deer', 'Donkeys']",Cats,"['Deer', 'Bats']",Cats,False,True
431,Mammals,7,Premise Diversity (Specific),619,"['Giraffes', 'Elephants']",Rabbits,"['Giraffes', 'Bats']",Rabbits,False,True
432,Mammals,8,Nonmonotonicity (General),0,"['Beavers', 'Kangaroos']",Mammals,"['Beavers', 'Kangaroos', 'Lizards']",Mammals,False,False
433,Mammals,8,Nonmonotonicity (General),1,"['Elephants', 'Cats']",Mammals,"['Elephants', 'Cats', 'Iguanas']",Mammals,False,False
434,Mammals,8,Nonmonotonicity (General),2,"['Zebras', 'Hedgehogs', 'Turtles']",Mammals,"['Zebras', 'Hedgehogs']",Mammals,False,True
435,Mammals,8,Nonmonotonicity (General),3,"['Hamsters', 'Rhinos', 'Turtles']",Mammals,"['Hamsters', 'Rhinos']",Mammals,False,True
436,Mammals,8,Nonmonotonicity (General),4,"['Kangaroos', 'Tigers']",Mammals,"['Kangaroos', 'Tigers', 'Turtles']",Mammals,False,False
437,Mammals,8,Nonmonotonicity (General),5,"['Rhinos', 'Sheep']",Mammals,"['Rhinos', 'Sheep', 'Turtles']",Mammals,False,False
438,Mammals,8,Nonmonotonicity (General),6,"['Deer', 'Tigers']",Mammals,"['Deer', 'Tigers', 'Snakes']",Mammals,False,False
439,Mammals,8,Nonmonotonicity (General),7,"['Cats', 'Deer', 'Tortoises']",Mammals,"['Cats', 'Deer']",Mammals,False,True
440,Mammals,8,Nonmonotonicity (General),8,"['Camels', 'Hedgehogs', 'Snakes']",Mammals,"['Camels', 'Hedgehogs']",Mammals,False,True
441,Mammals,8,Nonmonotonicity (General),9,"['Rhinos', 'Cows']",Mammals,"['Rhinos', 'Cows', 'Alligators']",Mammals,False,False
442,Mammals,8,Nonmonotonicity (General),10,"['Rhinos', 'Camels']",Mammals,"['Rhinos', 'Camels', 'Geckoes']",Mammals,False,False
443,Mammals,8,Nonmonotonicity (General),11,"['Donkeys', 'Dogs', 'Dinosaurs']",Mammals,"['Donkeys', 'Dogs']",Mammals,False,True
444,Mammals,8,Nonmonotonicity (General),12,"['Deer', 'Giraffes', 'Cobras']",Mammals,"['Deer', 'Giraffes']",Mammals,False,True
445,Mammals,8,Nonmonotonicity (General),13,"['Bats', 'Beavers']",Mammals,"['Bats', 'Beavers', 'Cobras']",Mammals,False,False
446,Mammals,8,Nonmonotonicity (General),14,"['Deer', 'Donkeys']",Mammals,"['Deer', 'Donkeys', 'Tortoises']",Mammals,False,False
447,Mammals,8,Nonmonotonicity (General),15,"['Lions', 'Deer']",Mammals,"['Lions', 'Deer', 'Toads']",Mammals,False,False
448,Mammals,8,Nonmonotonicity (General),16,"['Beavers', 'Cats', 'Vipers']",Mammals,"['Beavers', 'Cats']",Mammals,False,True
449,Mammals,8,Nonmonotonicity (General),17,"['Squirrels', 'Sheep', 'Iguanas']",Mammals,"['Squirrels', 'Sheep']",Mammals,False,True
450,Mammals,8,Nonmonotonicity (General),18,"['Zebras', 'Rhinos']",Mammals,"['Zebras', 'Rhinos', 'Salamanders']",Mammals,False,False
451,Mammals,8,Nonmonotonicity (General),20,"['Hedgehogs', 'Elephants']",Mammals,"['Hedgehogs', 'Elephants', 'Chameleons']",Mammals,False,False
452,Mammals,8,Nonmonotonicity (General),21,"['Zebras', 'Hamsters']",Mammals,"['Zebras', 'Hamsters', 'Snakes']",Mammals,False,False
453,Mammals,8,Nonmonotonicity (General),22,"['Hedgehogs', 'Elephants']",Mammals,"['Hedgehogs', 'Elephants', 'Pythons']",Mammals,False,False
454,Mammals,8,Nonmonotonicity (General),23,"['Cats', 'Lions']",Mammals,"['Cats', 'Lions', 'Toads']",Mammals,False,False
455,Mammals,8,Nonmonotonicity (General),24,"['Bats', 'Kangaroos']",Mammals,"['Bats', 'Kangaroos', 'Pythons']",Mammals,False,False
456,Mammals,9,Nonmonotonicity (Specific),0,['Hamsters'],Zebras,"['Hamsters', 'Alligators']",Zebras,False,False
457,Mammals,9,Nonmonotonicity (Specific),1,['Bats'],Elephants,"['Bats', 'Vipers']",Elephants,False,False
458,Mammals,9,Nonmonotonicity (Specific),2,['Beavers'],Squirrels,"['Beavers', 'Dinosaurs']",Squirrels,False,False
459,Mammals,9,Nonmonotonicity (Specific),3,['Giraffes'],Zebras,"['Giraffes', 'Iguanas']",Zebras,False,False
460,Mammals,9,Nonmonotonicity (Specific),4,['Squirrels'],Kangaroos,"['Squirrels', 'Frogs']",Kangaroos,False,False
461,Mammals,9,Nonmonotonicity (Specific),5,"['Deer', 'Turtles']",Lions,['Deer'],Lions,False,True
462,Mammals,9,Nonmonotonicity (Specific),6,"['Elephants', 'Alligators']",Donkeys,['Elephants'],Donkeys,False,True
463,Mammals,9,Nonmonotonicity (Specific),7,['Mice'],Deer,"['Mice', 'Vipers']",Deer,False,False
464,Mammals,9,Nonmonotonicity (Specific),8,"['Mice', 'Dinosaurs']",Dogs,['Mice'],Dogs,False,True
465,Mammals,9,Nonmonotonicity (Specific),9,['Mice'],Giraffes,"['Mice', 'Snakes']",Giraffes,False,False
466,Mammals,9,Nonmonotonicity (Specific),10,"['Bats', 'Toads']",Rabbits,['Bats'],Rabbits,False,True
467,Mammals,9,Nonmonotonicity (Specific),11,['Kangaroos'],Pigs,"['Kangaroos', 'Salamanders']",Pigs,False,False
468,Mammals,9,Nonmonotonicity (Specific),12,"['Hedgehogs', 'Snakes']",Camels,['Hedgehogs'],Camels,False,True
469,Mammals,9,Nonmonotonicity (Specific),13,"['Beavers', 'Dinosaurs']",Camels,['Beavers'],Camels,False,True
470,Mammals,9,Nonmonotonicity (Specific),14,['Bats'],Camels,"['Bats', 'Geckoes']",Camels,False,False
471,Mammals,9,Nonmonotonicity (Specific),15,['Camels'],Kangaroos,"['Camels', 'Dinosaurs']",Kangaroos,False,False
472,Mammals,9,Nonmonotonicity (Specific),16,['Kangaroos'],Donkeys,"['Kangaroos', 'Lizards']",Donkeys,False,False
473,Mammals,9,Nonmonotonicity (Specific),17,['Bats'],Beavers,"['Bats', 'Vipers']",Beavers,False,False
474,Mammals,9,Nonmonotonicity (Specific),18,['Hedgehogs'],Tigers,"['Hedgehogs', 'Iguanas']",Tigers,False,False
475,Mammals,9,Nonmonotonicity (Specific),19,"['Hedgehogs', 'Geckoes']",Squirrels,['Hedgehogs'],Squirrels,False,True
476,Mammals,9,Nonmonotonicity (Specific),20,['Llamas'],Rhinos,"['Llamas', 'Turtles']",Rhinos,False,False
477,Mammals,9,Nonmonotonicity (Specific),21,['Kangaroos'],Sheep,"['Kangaroos', 'Turtles']",Sheep,False,False
478,Mammals,9,Nonmonotonicity (Specific),22,"['Hedgehogs', 'Tortoises']",Squirrels,['Hedgehogs'],Squirrels,False,True
479,Mammals,9,Nonmonotonicity (Specific),23,['Camels'],Hamsters,"['Camels', 'Salamanders']",Hamsters,False,False
480,Mammals,10,Premise-conclusion Asymmetry,-1,['bat'],mouse,['mouse'],bat,True,True
481,Mammals,10,Premise-conclusion Asymmetry,0,['Bats'],Pigs,['Pigs'],Bats,False,True
482,Mammals,10,Premise-conclusion Asymmetry,1,['Llamas'],Cows,['Cows'],Llamas,False,True
483,Mammals,10,Premise-conclusion Asymmetry,2,['Cats'],Beavers,['Beavers'],Cats,False,False
484,Mammals,10,Premise-conclusion Asymmetry,3,['Hedgehogs'],Cows,['Cows'],Hedgehogs,False,True
485,Mammals,10,Premise-conclusion Asymmetry,5,['Dogs'],Rhinos,['Rhinos'],Dogs,False,False
486,Mammals,10,Premise-conclusion Asymmetry,6,['Tigers'],Kangaroos,['Kangaroos'],Tigers,False,False
487,Mammals,10,Premise-conclusion Asymmetry,7,['Tigers'],Squirrels,['Squirrels'],Tigers,False,False
488,Mammals,10,Premise-conclusion Asymmetry,8,['Lions'],Mice,['Mice'],Lions,False,False
489,Mammals,10,Premise-conclusion Asymmetry,9,['Hamsters'],Cows,['Cows'],Hamsters,False,True
490,Mammals,10,Premise-conclusion Asymmetry,11,['Pigs'],Hamsters,['Hamsters'],Pigs,False,False
491,Mammals,10,Premise-conclusion Asymmetry,12,['Pigs'],Squirrels,['Squirrels'],Pigs,False,False
492,Mammals,10,Premise-conclusion Asymmetry,13,['Camels'],Horses,['Horses'],Camels,False,True
493,Mammals,10,Premise-conclusion Asymmetry,14,['Tigers'],Hamsters,['Hamsters'],Tigers,False,False
494,Mammals,10,Premise-conclusion Asymmetry,15,['Dogs'],Beavers,['Beavers'],Dogs,False,False
495,Mammals,10,Premise-conclusion Asymmetry,16,['Llamas'],Horses,['Horses'],Llamas,False,True
496,Mammals,10,Premise-conclusion Asymmetry,17,['Mice'],Donkeys,['Donkeys'],Mice,False,True
497,Mammals,10,Premise-conclusion Asymmetry,18,['Rabbits'],Squirrels,['Squirrels'],Rabbits,False,False
498,Mammals,10,Premise-conclusion Asymmetry,19,['Rabbits'],Rhinos,['Rhinos'],Rabbits,False,False
499,Mammals,10,Premise-conclusion Asymmetry,20,['Beavers'],Pigs,['Pigs'],Beavers,False,True
500,Mammals,10,Premise-conclusion Asymmetry,21,['Sheep'],Hamsters,['Hamsters'],Sheep,False,False
501,Mammals,10,Premise-conclusion Asymmetry,22,['Beavers'],Donkeys,['Donkeys'],Beavers,False,True
502,Mammals,10,Premise-conclusion Asymmetry,24,['Bats'],Cats,['Cats'],Bats,False,True
503,Mammals,10,Premise-conclusion Asymmetry,25,['Kangaroos'],Rabbits,['Rabbits'],Kangaroos,False,True
504,Mammals,11,Inclusion Fallacy,0,['Sheep'],Mammals,['Sheep'],Hamsters,False,False
505,Mammals,11,Inclusion Fallacy,1,['Rabbits'],Mammals,['Rabbits'],Beavers,False,False
506,Mammals,11,Inclusion Fallacy,2,['Dogs'],Mammals,['Dogs'],Rhinos,False,False
507,Mammals,11,Inclusion Fallacy,3,['Horses'],Hamsters,['Horses'],Mammals,False,True
508,Mammals,11,Inclusion Fallacy,4,['Pigs'],Mammals,['Pigs'],Llamas,False,False
509,Mammals,11,Inclusion Fallacy,5,['Cats'],Rhinos,['Cats'],Mammals,False,True
510,Mammals,11,Inclusion Fallacy,6,['Cows'],Squirrels,['Cows'],Mammals,False,True
511,Mammals,11,Inclusion Fallacy,7,['Dogs'],Squirrels,['Dogs'],Mammals,False,True
512,Mammals,11,Inclusion Fallacy,8,['Sheep'],Mammals,['Sheep'],Mice,False,False
513,Mammals,11,Inclusion Fallacy,9,['Lions'],Mice,['Lions'],Mammals,False,True
514,Mammals,11,Inclusion Fallacy,10,['Rabbits'],Mammals,['Rabbits'],Hedgehogs,False,False
515,Mammals,11,Inclusion Fallacy,11,['Rabbits'],Mammals,['Rabbits'],Kangaroos,False,False
516,Mammals,11,Inclusion Fallacy,12,['Cats'],Mammals,['Cats'],Kangaroos,False,False
517,Mammals,11,Inclusion Fallacy,13,['Dogs'],Hedgehogs,['Dogs'],Mammals,False,True
518,Mammals,11,Inclusion Fallacy,14,['Tigers'],Mammals,['Tigers'],Hamsters,False,False
519,Mammals,11,Inclusion Fallacy,15,['Donkeys'],Mammals,['Donkeys'],Llamas,False,False
520,Mammals,11,Inclusion Fallacy,16,['Pigs'],Kangaroos,['Pigs'],Mammals,False,True
521,Mammals,11,Inclusion Fallacy,18,['Sheep'],Mammals,['Sheep'],Camels,False,False
522,Mammals,11,Inclusion Fallacy,20,['Donkeys'],Bats,['Donkeys'],Mammals,False,True
523,Mammals,11,Inclusion Fallacy,22,['Cows'],Hedgehogs,['Cows'],Mammals,False,True
524,Mammals,11,Inclusion Fallacy,23,['Dogs'],Mice,['Dogs'],Mammals,False,True
525,Mammals,11,Inclusion Fallacy,24,['Sheep'],Hedgehogs,['Sheep'],Mammals,False,True
526,Mammals,11,Inclusion Fallacy,25,['Dogs'],Kangaroos,['Dogs'],Mammals,False,True
527,Mammals,11,Inclusion Fallacy,26,['Cows'],Bats,['Cows'],Mammals,False,True
528,Vehicles,1,Premise-conclusion Similarity,0,['Submarines'],Hovercraft,['Skateboards'],Hovercraft,False,False
529,Vehicles,1,Premise-conclusion Similarity,1,['Zeppelins'],Bicycles,['Mopeds'],Bicycles,False,True
530,Vehicles,1,Premise-conclusion Similarity,2,['Caravans'],Airplanes,['Helicopters'],Airplanes,False,True
531,Vehicles,1,Premise-conclusion Similarity,4,['Helicopters'],Boats,['Hovercraft'],Boats,False,True
532,Vehicles,1,Premise-conclusion Similarity,5,['Rockets'],Caravans,['Carts'],Caravans,False,True
533,Vehicles,1,Premise-conclusion Similarity,6,['Carriages'],Taxis,['Submarines'],Taxis,False,False
534,Vehicles,1,Premise-conclusion Similarity,7,['Bicycles'],Motorbikes,['Zeppelins'],Motorbikes,False,False
535,Vehicles,1,Premise-conclusion Similarity,8,['Taxis'],Jeeps,['Rockets'],Jeeps,False,False
536,Vehicles,1,Premise-conclusion Similarity,9,['Tractors'],Jeeps,['Rockets'],Jeeps,False,False
537,Vehicles,1,Premise-conclusion Similarity,10,['Carriages'],Helicopters,['Zeppelins'],Helicopters,False,True
538,Vehicles,1,Premise-conclusion Similarity,11,['Mopeds'],Bicycles,['Submarines'],Bicycles,False,False
539,Vehicles,1,Premise-conclusion Similarity,12,['Submarines'],Taxis,['Trucks'],Taxis,False,True
540,Vehicles,1,Premise-conclusion Similarity,13,['Vans'],Cars,['Rockets'],Cars,False,False
541,Vehicles,1,Premise-conclusion Similarity,14,['Submarines'],Carriages,['Sleds'],Carriages,False,True
542,Vehicles,1,Premise-conclusion Similarity,15,['Rockets'],Carriages,['Carts'],Carriages,False,True
543,Vehicles,1,Premise-conclusion Similarity,16,['Skateboards'],Boats,['Submarines'],Boats,False,True
544,Vehicles,1,Premise-conclusion Similarity,18,['Caravans'],Buses,['Skateboards'],Buses,False,False
545,Vehicles,1,Premise-conclusion Similarity,21,['Zeppelins'],Taxis,['Carriages'],Taxis,False,True
546,Vehicles,1,Premise-conclusion Similarity,22,['Zeppelins'],Carts,['Sleds'],Carts,False,True
547,Vehicles,1,Premise-conclusion Similarity,23,['Submarines'],Boats,['Sleds'],Boats,False,False
548,Vehicles,1,Premise-conclusion Similarity,27,['Zeppelins'],Skateboards,['Sleds'],Skateboards,False,True
549,Vehicles,1,Premise-conclusion Similarity,28,['Caravans'],Airplanes,['Rockets'],Airplanes,False,True
550,Vehicles,1,Premise-conclusion Similarity,30,['Hovercraft'],Boats,['Skateboards'],Boats,False,False
551,Vehicles,1,Premise-conclusion Similarity,31,['Jeeps'],Cars,['Rockets'],Cars,False,False
552,Vehicles,2,Premise Typicality,0,['Skateboards'],Vehicles,['Buses'],Vehicles,False,True
553,Vehicles,2,Premise Typicality,1,['Vans'],Vehicles,['Rockets'],Vehicles,False,False
554,Vehicles,2,Premise Typicality,2,['Trains'],Vehicles,['Submarines'],Vehicles,False,False
555,Vehicles,2,Premise Typicality,3,['Submarines'],Vehicles,['Cars'],Vehicles,False,True
556,Vehicles,2,Premise Typicality,4,['Jeeps'],Vehicles,['Skateboards'],Vehicles,False,False
557,Vehicles,2,Premise Typicality,5,['Trains'],Vehicles,['Rockets'],Vehicles,False,False
558,Vehicles,2,Premise Typicality,6,['Submarines'],Vehicles,['Jeeps'],Vehicles,False,True
559,Vehicles,2,Premise Typicality,7,['Jeeps'],Vehicles,['Rockets'],Vehicles,False,False
560,Vehicles,2,Premise Typicality,8,['Submarines'],Vehicles,['Vans'],Vehicles,False,True
561,Vehicles,2,Premise Typicality,9,['Vans'],Vehicles,['Sleds'],Vehicles,False,False
562,Vehicles,2,Premise Typicality,10,['Sleds'],Vehicles,['Jeeps'],Vehicles,False,True
563,Vehicles,2,Premise Typicality,11,['Buses'],Vehicles,['Zeppelins'],Vehicles,False,False
564,Vehicles,2,Premise Typicality,12,['Buses'],Vehicles,['Submarines'],Vehicles,False,False
565,Vehicles,2,Premise Typicality,13,['Sleds'],Vehicles,['Buses'],Vehicles,False,True
566,Vehicles,2,Premise Typicality,19,['Buses'],Vehicles,['Rockets'],Vehicles,False,False
567,Vehicles,2,Premise Typicality,20,['Cars'],Vehicles,['Rockets'],Vehicles,False,False
568,Vehicles,2,Premise Typicality,23,['Cars'],Vehicles,['Sleds'],Vehicles,False,False
569,Vehicles,2,Premise Typicality,24,['Trains'],Vehicles,['Skateboards'],Vehicles,False,False
570,Vehicles,2,Premise Typicality,25,['Sleds'],Vehicles,['Trains'],Vehicles,False,True
571,Vehicles,2,Premise Typicality,28,['Vans'],Vehicles,['Zeppelins'],Vehicles,False,False
572,Vehicles,2,Premise Typicality,29,['Jeeps'],Vehicles,['Zeppelins'],Vehicles,False,False
573,Vehicles,2,Premise Typicality,30,['Trains'],Vehicles,['Zeppelins'],Vehicles,False,False
574,Vehicles,2,Premise Typicality,36,['Skateboards'],Vehicles,['Cars'],Vehicles,False,True
575,Vehicles,2,Premise Typicality,48,['Zeppelins'],Vehicles,['Cars'],Vehicles,False,True
576,Vehicles,3,Conclusion Specificity,0,"['Hovercraft', 'Airplanes']",Vehicles,"['Hovercraft', 'Airplanes']",Things,False,False
577,Vehicles,3,Conclusion Specificity,1,"['Jeeps', 'Hovercraft']",Vehicles,"['Jeeps', 'Hovercraft']",Things,False,False
578,Vehicles,3,Conclusion Specificity,2,"['Cars', 'Vans']",Things,"['Cars', 'Vans']",Vehicles,False,True
579,Vehicles,3,Conclusion Specificity,3,"['Trains', 'Trams']",Things,"['Trains', 'Trams']",Vehicles,False,True
580,Vehicles,3,Conclusion Specificity,4,"['Jeeps', 'Rockets']",Vehicles,"['Jeeps', 'Rockets']",Things,False,False
581,Vehicles,3,Conclusion Specificity,5,"['Helicopters', 'Caravans']",Things,"['Helicopters', 'Caravans']",Vehicles,False,True
582,Vehicles,3,Conclusion Specificity,6,"['Submarines', 'Taxis']",Things,"['Submarines', 'Taxis']",Vehicles,False,True
583,Vehicles,3,Conclusion Specificity,7,"['Rockets', 'Sleds']",Vehicles,"['Rockets', 'Sleds']",Things,False,False
584,Vehicles,3,Conclusion Specificity,8,"['Tractors', 'Helicopters']",Things,"['Tractors', 'Helicopters']",Vehicles,False,True
585,Vehicles,3,Conclusion Specificity,9,"['Carts', 'Hovercraft']",Things,"['Carts', 'Hovercraft']",Vehicles,False,True
586,Vehicles,3,Conclusion Specificity,10,"['Carts', 'Zeppelins']",Vehicles,"['Carts', 'Zeppelins']",Things,False,False
587,Vehicles,3,Conclusion Specificity,11,"['Bicycles', 'Boats']",Things,"['Bicycles', 'Boats']",Vehicles,False,True
588,Vehicles,3,Conclusion Specificity,12,"['Buses', 'Taxis']",Things,"['Buses', 'Taxis']",Vehicles,False,True
589,Vehicles,3,Conclusion Specificity,13,"['Tractors', 'Trams']",Vehicles,"['Tractors', 'Trams']",Things,False,False
590,Vehicles,3,Conclusion Specificity,14,"['Taxis', 'Motorbikes']",Vehicles,"['Taxis', 'Motorbikes']",Things,False,False
591,Vehicles,3,Conclusion Specificity,15,"['Boats', 'Zeppelins']",Things,"['Boats', 'Zeppelins']",Vehicles,False,True
592,Vehicles,3,Conclusion Specificity,16,"['Cars', 'Carriages']",Vehicles,"['Cars', 'Carriages']",Things,False,False
593,Vehicles,3,Conclusion Specificity,17,"['Skateboards', 'Helicopters']",Vehicles,"['Skateboards', 'Helicopters']",Things,False,False
594,Vehicles,3,Conclusion Specificity,19,"['Carriages', 'Carts']",Vehicles,"['Carriages', 'Carts']",Things,False,False
595,Vehicles,3,Conclusion Specificity,20,"['Sleds', 'Carriages']",Vehicles,"['Sleds', 'Carriages']",Things,False,False
596,Vehicles,3,Conclusion Specificity,21,"['Buses', 'Rockets']",Vehicles,"['Buses', 'Rockets']",Things,False,False
597,Vehicles,3,Conclusion Specificity,22,"['Trams', 'Trucks']",Things,"['Trams', 'Trucks']",Vehicles,False,True
598,Vehicles,3,Conclusion Specificity,23,"['Submarines', 'Jeeps']",Vehicles,"['Submarines', 'Jeeps']",Things,False,False
599,Vehicles,3,Conclusion Specificity,24,"['Trams', 'Submarines']",Vehicles,"['Trams', 'Submarines']",Things,False,False
600,Vehicles,4,Premise Monotonicity (General),0,"['Skateboards', 'Taxis', 'Zeppelins']",Vehicles,"['Skateboards', 'Taxis']",Vehicles,False,False
601,Vehicles,4,Premise Monotonicity (General),2,"['Motorbikes', 'Bicycles', 'Mopeds']",Vehicles,"['Motorbikes', 'Bicycles']",Vehicles,False,False
602,Vehicles,4,Premise Monotonicity (General),3,"['Trains', 'Zeppelins']",Vehicles,"['Trains', 'Zeppelins', 'Submarines']",Vehicles,False,True
603,Vehicles,4,Premise Monotonicity (General),4,"['Skateboards', 'Cars', 'Submarines']",Vehicles,"['Skateboards', 'Cars']",Vehicles,False,False
604,Vehicles,4,Premise Monotonicity (General),6,"['Jeeps', 'Zeppelins']",Vehicles,"['Jeeps', 'Zeppelins', 'Rockets']",Vehicles,False,True
605,Vehicles,4,Premise Monotonicity (General),9,"['Zeppelins', 'Motorbikes', 'Rockets']",Vehicles,"['Zeppelins', 'Motorbikes']",Vehicles,False,False
606,Vehicles,4,Premise Monotonicity (General),12,"['Carts', 'Trains', 'Sleds']",Vehicles,"['Carts', 'Trains']",Vehicles,False,False
607,Vehicles,4,Premise Monotonicity (General),13,"['Taxis', 'Bicycles']",Vehicles,"['Taxis', 'Bicycles', 'Helicopters']",Vehicles,False,True
608,Vehicles,4,Premise Monotonicity (General),14,"['Motorbikes', 'Bicycles', 'Carts']",Vehicles,"['Motorbikes', 'Bicycles']",Vehicles,False,False
609,Vehicles,4,Premise Monotonicity (General),15,"['Carriages', 'Carts', 'Sleds']",Vehicles,"['Carriages', 'Carts']",Vehicles,False,False
610,Vehicles,4,Premise Monotonicity (General),17,"['Cars', 'Caravans']",Vehicles,"['Cars', 'Caravans', 'Zeppelins']",Vehicles,False,True
611,Vehicles,4,Premise Monotonicity (General),18,"['Zeppelins', 'Trams', 'Submarines']",Vehicles,"['Zeppelins', 'Trams']",Vehicles,False,False
612,Vehicles,4,Premise Monotonicity (General),20,"['Caravans', 'Tractors']",Vehicles,"['Caravans', 'Tractors', 'Sleds']",Vehicles,False,True
613,Vehicles,4,Premise Monotonicity (General),22,"['Cars', 'Carriages']",Vehicles,"['Cars', 'Carriages', 'Submarines']",Vehicles,False,True
614,Vehicles,4,Premise Monotonicity (General),24,"['Buses', 'Helicopters']",Vehicles,"['Buses', 'Helicopters', 'Sleds']",Vehicles,False,True
615,Vehicles,4,Premise Monotonicity (General),26,"['Skateboards', 'Hovercraft']",Vehicles,"['Skateboards', 'Hovercraft', 'Submarines']",Vehicles,False,True
616,Vehicles,4,Premise Monotonicity (General),28,"['Hovercraft', 'Carts']",Vehicles,"['Hovercraft', 'Carts', 'Submarines']",Vehicles,False,True
617,Vehicles,4,Premise Monotonicity (General),30,"['Cars', 'Carts', 'Submarines']",Vehicles,"['Cars', 'Carts']",Vehicles,False,False
618,Vehicles,4,Premise Monotonicity (General),32,"['Vans', 'Bicycles']",Vehicles,"['Vans', 'Bicycles', 'Submarines']",Vehicles,False,True
619,Vehicles,4,Premise Monotonicity (General),34,"['Skateboards', 'Vans']",Vehicles,"['Skateboards', 'Vans', 'Sleds']",Vehicles,False,True
620,Vehicles,4,Premise Monotonicity (General),35,"['Boats', 'Carts', 'Skateboards']",Vehicles,"['Boats', 'Carts']",Vehicles,False,False
621,Vehicles,4,Premise Monotonicity (General),37,"['Mopeds', 'Jeeps', 'Rockets']",Vehicles,"['Mopeds', 'Jeeps']",Vehicles,False,False
622,Vehicles,4,Premise Monotonicity (General),38,"['Boats', 'Motorbikes', 'Sleds']",Vehicles,"['Boats', 'Motorbikes']",Vehicles,False,False
623,Vehicles,4,Premise Monotonicity (General),39,"['Mopeds', 'Helicopters']",Vehicles,"['Mopeds', 'Helicopters', 'Submarines']",Vehicles,False,True
624,Vehicles,5,Premise Monotonicity (Specific),3,"['Hovercraft', 'Buses']",Motorbikes,"['Hovercraft', 'Buses', 'Submarines']",Motorbikes,False,True
625,Vehicles,5,Premise Monotonicity (Specific),6,"['Tractors', 'Boats']",Caravans,"['Tractors', 'Boats', 'Hovercraft']",Caravans,False,True
626,Vehicles,5,Premise Monotonicity (Specific),10,"['Boats', 'Airplanes', 'Tractors']",Zeppelins,"['Boats', 'Airplanes']",Zeppelins,False,False
627,Vehicles,5,Premise Monotonicity (Specific),11,"['Tractors', 'Trucks', 'Hovercraft']",Bicycles,"['Tractors', 'Trucks']",Bicycles,False,False
628,Vehicles,5,Premise Monotonicity (Specific),12,"['Airplanes', 'Trucks']",Skateboards,"['Airplanes', 'Trucks', 'Rockets']",Skateboards,False,True
629,Vehicles,5,Premise Monotonicity (Specific),13,"['Hovercraft', 'Trams', 'Rockets']",Tractors,"['Hovercraft', 'Trams']",Tractors,False,False
630,Vehicles,5,Premise Monotonicity (Specific),14,"['Zeppelins', 'Caravans']",Carriages,"['Zeppelins', 'Caravans', 'Submarines']",Carriages,False,True
631,Vehicles,5,Premise Monotonicity (Specific),15,"['Trucks', 'Buses']",Vans,"['Trucks', 'Buses', 'Boats']",Vans,False,True
632,Vehicles,5,Premise Monotonicity (Specific),20,"['Buses', 'Carriages', 'Skateboards']",Tractors,"['Buses', 'Carriages']",Tractors,False,False
633,Vehicles,5,Premise Monotonicity (Specific),21,"['Motorbikes', 'Trains', 'Submarines']",Bicycles,"['Motorbikes', 'Trains']",Bicycles,False,False
634,Vehicles,5,Premise Monotonicity (Specific),22,"['Skateboards', 'Mopeds']",Bicycles,"['Skateboards', 'Mopeds', 'Sleds']",Bicycles,False,True
635,Vehicles,5,Premise Monotonicity (Specific),23,"['Mopeds', 'Buses']",Rockets,"['Mopeds', 'Buses', 'Sleds']",Rockets,False,True
636,Vehicles,5,Premise Monotonicity (Specific),24,"['Trams', 'Vans', 'Tractors']",Trains,"['Trams', 'Vans']",Trains,False,False
637,Vehicles,5,Premise Monotonicity (Specific),25,"['Helicopters', 'Buses']",Trains,"['Helicopters', 'Buses', 'Sleds']",Trains,False,True
638,Vehicles,5,Premise Monotonicity (Specific),26,"['Carts', 'Cars']",Skateboards,"['Carts', 'Cars', 'Submarines']",Skateboards,False,True
639,Vehicles,5,Premise Monotonicity (Specific),27,"['Mopeds', 'Trains']",Submarines,"['Mopeds', 'Trains', 'Sleds']",Submarines,False,True
640,Vehicles,5,Premise Monotonicity (Specific),30,"['Boats', 'Carriages', 'Zeppelins']",Carts,"['Boats', 'Carriages']",Carts,False,False
641,Vehicles,5,Premise Monotonicity (Specific),31,"['Trucks', 'Motorbikes', 'Boats']",Carts,"['Trucks', 'Motorbikes']",Carts,False,False
642,Vehicles,5,Premise Monotonicity (Specific),32,"['Trains', 'Bicycles', 'Hovercraft']",Taxis,"['Trains', 'Bicycles']",Taxis,False,False
643,Vehicles,5,Premise Monotonicity (Specific),35,"['Bicycles', 'Cars']",Mopeds,"['Bicycles', 'Cars', 'Submarines']",Mopeds,False,True
644,Vehicles,5,Premise Monotonicity (Specific),38,"['Motorbikes', 'Boats']",Helicopters,"['Motorbikes', 'Boats', 'Sleds']",Helicopters,False,True
645,Vehicles,5,Premise Monotonicity (Specific),39,"['Jeeps', 'Vans']",Cars,"['Jeeps', 'Vans', 'Hovercraft']",Cars,False,True
646,Vehicles,5,Premise Monotonicity (Specific),44,"['Skateboards', 'Mopeds', 'Submarines']",Taxis,"['Skateboards', 'Mopeds']",Taxis,False,False
647,Vehicles,5,Premise Monotonicity (Specific),52,"['Motorbikes', 'Trucks']",Sleds,"['Motorbikes', 'Trucks', 'Zeppelins']",Sleds,False,True
648,Vehicles,6,Premise Diversity (General),0,"['Bicycles', 'Rockets']",Vehicles,"['Bicycles', 'Mopeds']",Vehicles,False,False
649,Vehicles,6,Premise Diversity (General),1,"['Caravans', 'Carts']",Vehicles,"['Caravans', 'Skateboards']",Vehicles,False,True
650,Vehicles,6,Premise Diversity (General),3,"['Cars', 'Rockets']",Vehicles,"['Cars', 'Taxis']",Vehicles,False,False
651,Vehicles,6,Premise Diversity (General),4,"['Airplanes', 'Carts']",Vehicles,"['Airplanes', 'Rockets']",Vehicles,False,False
652,Vehicles,6,Premise Diversity (General),6,"['Carts', 'Sleds']",Vehicles,"['Carts', 'Rockets']",Vehicles,False,True
653,Vehicles,6,Premise Diversity (General),9,"['Caravans', 'Skateboards']",Vehicles,"['Caravans', 'Carriages']",Vehicles,False,False
654,Vehicles,6,Premise Diversity (General),10,"['Bicycles', 'Submarines']",Vehicles,"['Bicycles', 'Mopeds']",Vehicles,False,False
655,Vehicles,6,Premise Diversity (General),11,"['Buses', 'Taxis']",Vehicles,"['Buses', 'Skateboards']",Vehicles,False,True
656,Vehicles,6,Premise Diversity (General),14,"['Helicopters', 'Zeppelins']",Vehicles,"['Helicopters', 'Carts']",Vehicles,False,True
657,Vehicles,6,Premise Diversity (General),15,"['Boats', 'Sleds']",Vehicles,"['Boats', 'Hovercraft']",Vehicles,False,False
658,Vehicles,6,Premise Diversity (General),16,"['Trucks', 'Skateboards']",Vehicles,"['Trucks', 'Caravans']",Vehicles,False,False
659,Vehicles,6,Premise Diversity (General),18,"['Skateboards', 'Zeppelins']",Vehicles,"['Skateboards', 'Sleds']",Vehicles,False,False
660,Vehicles,6,Premise Diversity (General),19,"['Cars', 'Tractors']",Vehicles,"['Cars', 'Rockets']",Vehicles,False,True
661,Vehicles,6,Premise Diversity (General),20,"['Vans', 'Caravans']",Vehicles,"['Vans', 'Skateboards']",Vehicles,False,True
662,Vehicles,6,Premise Diversity (General),22,"['Jeeps', 'Trucks']",Vehicles,"['Jeeps', 'Rockets']",Vehicles,False,True
663,Vehicles,6,Premise Diversity (General),25,"['Taxis', 'Submarines']",Vehicles,"['Taxis', 'Trucks']",Vehicles,False,False
664,Vehicles,6,Premise Diversity (General),28,"['Jeeps', 'Trucks']",Vehicles,"['Jeeps', 'Zeppelins']",Vehicles,False,True
665,Vehicles,6,Premise Diversity (General),30,"['Bicycles', 'Hovercraft']",Vehicles,"['Bicycles', 'Mopeds']",Vehicles,False,False
666,Vehicles,6,Premise Diversity (General),32,"['Skateboards', 'Submarines']",Vehicles,"['Skateboards', 'Sleds']",Vehicles,False,False
667,Vehicles,6,Premise Diversity (General),33,"['Carriages', 'Sleds']",Vehicles,"['Carriages', 'Submarines']",Vehicles,False,True
668,Vehicles,6,Premise Diversity (General),35,"['Cars', 'Rockets']",Vehicles,"['Cars', 'Buses']",Vehicles,False,False
669,Vehicles,6,Premise Diversity (General),37,"['Cars', 'Rockets']",Vehicles,"['Cars', 'Caravans']",Vehicles,False,False
670,Vehicles,6,Premise Diversity (General),38,"['Taxis', 'Trucks']",Vehicles,"['Taxis', 'Zeppelins']",Vehicles,False,True
671,Vehicles,6,Premise Diversity (General),40,"['Carts', 'Submarines']",Vehicles,"['Carts', 'Sleds']",Vehicles,False,False
672,Vehicles,7,Premise Diversity (Specific),1,"['Sleds', 'Skateboards']",Tractors,"['Sleds', 'Submarines']",Tractors,False,True
673,Vehicles,7,Premise Diversity (Specific),14,"['Boats', 'Helicopters']",Motorbikes,"['Boats', 'Hovercraft']",Motorbikes,False,False
674,Vehicles,7,Premise Diversity (Specific),18,"['Boats', 'Helicopters']",Motorbikes,"['Boats', 'Submarines']",Motorbikes,False,False
675,Vehicles,7,Premise Diversity (Specific),34,"['Carriages', 'Helicopters']",Trams,"['Carriages', 'Sleds']",Trams,False,False
676,Vehicles,7,Premise Diversity (Specific),41,"['Airplanes', 'Rockets']",Trucks,"['Airplanes', 'Sleds']",Trucks,False,True
677,Vehicles,7,Premise Diversity (Specific),54,"['Boats', 'Skateboards']",Cars,"['Boats', 'Hovercraft']",Cars,False,False
678,Vehicles,7,Premise Diversity (Specific),79,"['Bicycles', 'Mopeds']",Trains,"['Bicycles', 'Zeppelins']",Trains,False,True
679,Vehicles,7,Premise Diversity (Specific),90,"['Boats', 'Helicopters']",Bicycles,"['Boats', 'Submarines']",Bicycles,False,False
680,Vehicles,7,Premise Diversity (Specific),93,"['Carts', 'Sleds']",Boats,"['Carts', 'Rockets']",Boats,False,True
681,Vehicles,7,Premise Diversity (Specific),107,"['Carts', 'Zeppelins']",Trains,"['Carts', 'Sleds']",Trains,False,False
682,Vehicles,7,Premise Diversity (Specific),143,"['Caravans', 'Carts']",Airplanes,"['Caravans', 'Skateboards']",Airplanes,False,True
683,Vehicles,7,Premise Diversity (Specific),173,"['Airplanes', 'Zeppelins']",Taxis,"['Airplanes', 'Mopeds']",Taxis,False,True
684,Vehicles,7,Premise Diversity (Specific),193,"['Sleds', 'Submarines']",Caravans,"['Sleds', 'Skateboards']",Caravans,False,False
685,Vehicles,7,Premise Diversity (Specific),238,"['Airplanes', 'Mopeds']",Buses,"['Airplanes', 'Helicopters']",Buses,False,False
686,Vehicles,7,Premise Diversity (Specific),276,"['Sleds', 'Rockets']",Trucks,"['Sleds', 'Skateboards']",Trucks,False,False
687,Vehicles,7,Premise Diversity (Specific),326,"['Submarines', 'Skateboards']",Cars,"['Submarines', 'Hovercraft']",Cars,False,False
688,Vehicles,7,Premise Diversity (Specific),366,"['Bicycles', 'Mopeds']",Trains,"['Bicycles', 'Submarines']",Trains,False,True
689,Vehicles,7,Premise Diversity (Specific),421,"['Airplanes', 'Skateboards']",Cars,"['Airplanes', 'Zeppelins']",Cars,False,False
690,Vehicles,7,Premise Diversity (Specific),512,"['Zeppelins', 'Bicycles']",Buses,"['Zeppelins', 'Helicopters']",Buses,False,False
691,Vehicles,7,Premise Diversity (Specific),641,"['Motorbikes', 'Mopeds']",Trains,"['Motorbikes', 'Hovercraft']",Trains,False,True
692,Vehicles,7,Premise Diversity (Specific),700,"['Motorbikes', 'Mopeds']",Trains,"['Motorbikes', 'Submarines']",Trains,False,True
693,Vehicles,7,Premise Diversity (Specific),889,"['Helicopters', 'Zeppelins']",Jeeps,"['Helicopters', 'Skateboards']",Jeeps,False,True
694,Vehicles,7,Premise Diversity (Specific),945,"['Trucks', 'Caravans']",Motorbikes,"['Trucks', 'Skateboards']",Motorbikes,False,True
695,Vehicles,7,Premise Diversity (Specific),985,"['Helicopters', 'Skateboards']",Cars,"['Helicopters', 'Zeppelins']",Cars,False,False
696,Vehicles,8,Nonmonotonicity (General),0,"['Vans', 'Trains', 'Axes']",Vehicles,"['Vans', 'Trains']",Vehicles,False,True
697,Vehicles,8,Nonmonotonicity (General),1,"['Sleds', 'Hovercraft', 'Screwdrivers']",Vehicles,"['Sleds', 'Hovercraft']",Vehicles,False,True
698,Vehicles,8,Nonmonotonicity (General),2,"['Skateboards', 'Carts']",Vehicles,"['Skateboards', 'Carts', 'Crowbars']",Vehicles,False,False
699,Vehicles,8,Nonmonotonicity (General),3,"['Sleds', 'Helicopters', 'Pickaxes']",Vehicles,"['Sleds', 'Helicopters']",Vehicles,False,True
700,Vehicles,8,Nonmonotonicity (General),4,"['Caravans', 'Carts', 'Wheelbarrows']",Vehicles,"['Caravans', 'Carts']",Vehicles,False,True
701,Vehicles,8,Nonmonotonicity (General),5,"['Skateboards', 'Submarines']",Vehicles,"['Skateboards', 'Submarines', 'Ropes']",Vehicles,False,False
702,Vehicles,8,Nonmonotonicity (General),6,"['Carriages', 'Cars']",Vehicles,"['Carriages', 'Cars', 'Axes']",Vehicles,False,False
703,Vehicles,8,Nonmonotonicity (General),7,"['Buses', 'Jeeps', 'Levels']",Vehicles,"['Buses', 'Jeeps']",Vehicles,False,True
704,Vehicles,8,Nonmonotonicity (General),8,"['Sleds', 'Bicycles']",Vehicles,"['Sleds', 'Bicycles', 'Tong']",Vehicles,False,False
705,Vehicles,8,Nonmonotonicity (General),9,"['Motorbikes', 'Caravans', 'Ropes']",Vehicles,"['Motorbikes', 'Caravans']",Vehicles,False,True
706,Vehicles,8,Nonmonotonicity (General),10,"['Hovercraft', 'Sleds', 'Levels']",Vehicles,"['Hovercraft', 'Sleds']",Vehicles,False,True
707,Vehicles,8,Nonmonotonicity (General),11,"['Trucks', 'Carts']",Vehicles,"['Trucks', 'Carts', 'Ploughs']",Vehicles,False,False
708,Vehicles,8,Nonmonotonicity (General),12,"['Boats', 'Bicycles', 'Shovels']",Vehicles,"['Boats', 'Bicycles']",Vehicles,False,True
709,Vehicles,8,Nonmonotonicity (General),13,"['Buses', 'Mopeds', 'Nails']",Vehicles,"['Buses', 'Mopeds']",Vehicles,False,True
710,Vehicles,8,Nonmonotonicity (General),14,"['Jeeps', 'Bicycles']",Vehicles,"['Jeeps', 'Bicycles', 'Shovels']",Vehicles,False,False
711,Vehicles,8,Nonmonotonicity (General),15,"['Zeppelins', 'Cars']",Vehicles,"['Zeppelins', 'Cars', 'Crowbars']",Vehicles,False,False
712,Vehicles,8,Nonmonotonicity (General),16,"['Zeppelins', 'Vans']",Vehicles,"['Zeppelins', 'Vans', 'Tong']",Vehicles,False,False
713,Vehicles,8,Nonmonotonicity (General),17,"['Submarines', 'Mopeds']",Vehicles,"['Submarines', 'Mopeds', 'Wheelbarrows']",Vehicles,False,False
714,Vehicles,8,Nonmonotonicity (General),18,"['Rockets', 'Taxis', 'Shovels']",Vehicles,"['Rockets', 'Taxis']",Vehicles,False,True
715,Vehicles,8,Nonmonotonicity (General),19,"['Sleds', 'Carriages', 'Spanners']",Vehicles,"['Sleds', 'Carriages']",Vehicles,False,True
716,Vehicles,8,Nonmonotonicity (General),20,"['Mopeds', 'Hovercraft', 'Hammers']",Vehicles,"['Mopeds', 'Hovercraft']",Vehicles,False,True
717,Vehicles,8,Nonmonotonicity (General),22,"['Helicopters', 'Vans', 'Ploughs']",Vehicles,"['Helicopters', 'Vans']",Vehicles,False,True
718,Vehicles,8,Nonmonotonicity (General),23,"['Trains', 'Trucks']",Vehicles,"['Trains', 'Trucks', 'Tong']",Vehicles,False,False
719,Vehicles,8,Nonmonotonicity (General),24,"['Rockets', 'Submarines', 'Knives']",Vehicles,"['Rockets', 'Submarines']",Vehicles,False,True
720,Vehicles,9,Nonmonotonicity (Specific),0,"['Tractors', 'Shovels']",Helicopters,['Tractors'],Helicopters,False,True
721,Vehicles,9,Nonmonotonicity (Specific),1,['Submarines'],Motorbikes,"['Submarines', 'Anvils']",Motorbikes,False,False
722,Vehicles,9,Nonmonotonicity (Specific),2,['Carts'],Helicopters,"['Carts', 'Planes']",Helicopters,False,False
723,Vehicles,9,Nonmonotonicity (Specific),4,"['Skateboards', 'Screwdrivers']",Hovercraft,['Skateboards'],Hovercraft,False,True
724,Vehicles,9,Nonmonotonicity (Specific),5,['Boats'],Trains,"['Boats', 'Tong']",Trains,False,False
725,Vehicles,9,Nonmonotonicity (Specific),6,"['Submarines', 'Hammers']",Airplanes,['Submarines'],Airplanes,False,True
726,Vehicles,9,Nonmonotonicity (Specific),7,['Zeppelins'],Hovercraft,"['Zeppelins', 'Nails']",Hovercraft,False,False
727,Vehicles,9,Nonmonotonicity (Specific),8,"['Sleds', 'Anvils']",Helicopters,['Sleds'],Helicopters,False,True
728,Vehicles,9,Nonmonotonicity (Specific),9,"['Zeppelins', 'Chisels']",Boats,['Zeppelins'],Boats,False,True
729,Vehicles,9,Nonmonotonicity (Specific),10,"['Boats', 'Ploughs']",Trams,['Boats'],Trams,False,True
730,Vehicles,9,Nonmonotonicity (Specific),11,['Sleds'],Carts,"['Sleds', 'Tong']",Carts,False,False
731,Vehicles,9,Nonmonotonicity (Specific),12,"['Submarines', 'Levels']",Sleds,['Submarines'],Sleds,False,True
732,Vehicles,9,Nonmonotonicity (Specific),13,"['Hovercraft', 'Wrenches']",Carriages,['Hovercraft'],Carriages,False,True
733,Vehicles,9,Nonmonotonicity (Specific),14,"['Zeppelins', 'Levels']",Carts,['Zeppelins'],Carts,False,True
734,Vehicles,9,Nonmonotonicity (Specific),15,"['Zeppelins', 'Planes']",Helicopters,['Zeppelins'],Helicopters,False,True
735,Vehicles,9,Nonmonotonicity (Specific),16,['Skateboards'],Carriages,"['Skateboards', 'Shovels']",Carriages,False,False
736,Vehicles,9,Nonmonotonicity (Specific),17,"['Trucks', 'Spanners']",Taxis,['Trucks'],Taxis,False,True
737,Vehicles,9,Nonmonotonicity (Specific),19,"['Caravans', 'Wheelbarrows']",Mopeds,['Caravans'],Mopeds,False,True
738,Vehicles,9,Nonmonotonicity (Specific),20,"['Skateboards', 'Tong']",Caravans,['Skateboards'],Caravans,False,True
739,Vehicles,9,Nonmonotonicity (Specific),21,"['Mopeds', 'Wheelbarrows']",Bicycles,['Mopeds'],Bicycles,False,True
740,Vehicles,9,Nonmonotonicity (Specific),22,['Rockets'],Helicopters,"['Rockets', 'Axes']",Helicopters,False,False
741,Vehicles,9,Nonmonotonicity (Specific),23,"['Skateboards', 'Crowbars']",Cars,['Skateboards'],Cars,False,True
742,Vehicles,9,Nonmonotonicity (Specific),24,"['Carriages', 'Screwdrivers']",Caravans,['Carriages'],Caravans,False,True
743,Vehicles,9,Nonmonotonicity (Specific),28,['Submarines'],Caravans,"['Submarines', 'Levels']",Caravans,False,False
744,Vehicles,10,Premise-conclusion Asymmetry,0,['Skateboards'],Jeeps,['Jeeps'],Skateboards,False,True
745,Vehicles,10,Premise-conclusion Asymmetry,1,['Sleds'],Jeeps,['Jeeps'],Sleds,False,True
746,Vehicles,10,Premise-conclusion Asymmetry,2,['Hovercraft'],Jeeps,['Jeeps'],Hovercraft,False,True
747,Vehicles,10,Premise-conclusion Asymmetry,3,['Cars'],Submarines,['Submarines'],Cars,False,False
748,Vehicles,10,Premise-conclusion Asymmetry,4,['Vans'],Hovercraft,['Hovercraft'],Vans,False,False
749,Vehicles,10,Premise-conclusion Asymmetry,5,['Submarines'],Motorbikes,['Motorbikes'],Submarines,False,True
750,Vehicles,10,Premise-conclusion Asymmetry,7,['Caravans'],Motorbikes,['Motorbikes'],Caravans,False,True
751,Vehicles,10,Premise-conclusion Asymmetry,8,['Bicycles'],Rockets,['Rockets'],Bicycles,False,False
752,Vehicles,10,Premise-conclusion Asymmetry,9,['Carriages'],Mopeds,['Mopeds'],Carriages,False,True
753,Vehicles,10,Premise-conclusion Asymmetry,10,['Cars'],Carts,['Carts'],Cars,False,False
754,Vehicles,10,Premise-conclusion Asymmetry,11,['Carts'],Bicycles,['Bicycles'],Carts,False,True
755,Vehicles,10,Premise-conclusion Asymmetry,13,['Caravans'],Buses,['Buses'],Caravans,False,True
756,Vehicles,10,Premise-conclusion Asymmetry,14,['Sleds'],Cars,['Cars'],Sleds,False,True
757,Vehicles,10,Premise-conclusion Asymmetry,15,['Hovercraft'],Taxis,['Taxis'],Hovercraft,False,True
758,Vehicles,10,Premise-conclusion Asymmetry,16,['Zeppelins'],Buses,['Buses'],Zeppelins,False,True
759,Vehicles,10,Premise-conclusion Asymmetry,18,['Trains'],Tractors,['Tractors'],Trains,False,False
760,Vehicles,10,Premise-conclusion Asymmetry,20,['Submarines'],Mopeds,['Mopeds'],Submarines,False,True
761,Vehicles,10,Premise-conclusion Asymmetry,21,['Mopeds'],Tractors,['Tractors'],Mopeds,False,False
762,Vehicles,10,Premise-conclusion Asymmetry,24,['Carts'],Motorbikes,['Motorbikes'],Carts,False,True
763,Vehicles,10,Premise-conclusion Asymmetry,25,['Trains'],Carts,['Carts'],Trains,False,False
764,Vehicles,10,Premise-conclusion Asymmetry,26,['Trains'],Carriages,['Carriages'],Trains,False,False
765,Vehicles,10,Premise-conclusion Asymmetry,27,['Tractors'],Vans,['Vans'],Tractors,False,True
766,Vehicles,10,Premise-conclusion Asymmetry,28,['Skateboards'],Motorbikes,['Motorbikes'],Skateboards,False,True
767,Vehicles,10,Premise-conclusion Asymmetry,29,['Taxis'],Skateboards,['Skateboards'],Taxis,False,False
768,Vehicles,11,Inclusion Fallacy,0,['Vans'],Vehicles,['Vans'],Carts,False,False
769,Vehicles,11,Inclusion Fallacy,1,['Bicycles'],Skateboards,['Bicycles'],Vehicles,False,True
770,Vehicles,11,Inclusion Fallacy,2,['Taxis'],Skateboards,['Taxis'],Vehicles,False,True
771,Vehicles,11,Inclusion Fallacy,3,['Trucks'],Vehicles,['Trucks'],Zeppelins,False,False
772,Vehicles,11,Inclusion Fallacy,4,['Buses'],Vehicles,['Buses'],Submarines,False,False
773,Vehicles,11,Inclusion Fallacy,5,['Vans'],Vehicles,['Vans'],Skateboards,False,False
774,Vehicles,11,Inclusion Fallacy,6,['Motorbikes'],Caravans,['Motorbikes'],Vehicles,False,True
775,Vehicles,11,Inclusion Fallacy,7,['Jeeps'],Zeppelins,['Jeeps'],Vehicles,False,True
776,Vehicles,11,Inclusion Fallacy,8,['Buses'],Sleds,['Buses'],Vehicles,False,True
777,Vehicles,11,Inclusion Fallacy,9,['Vans'],Carriages,['Vans'],Vehicles,False,True
778,Vehicles,11,Inclusion Fallacy,10,['Trucks'],Caravans,['Trucks'],Vehicles,False,True
779,Vehicles,11,Inclusion Fallacy,11,['Vans'],Zeppelins,['Vans'],Vehicles,False,True
780,Vehicles,11,Inclusion Fallacy,12,['Trucks'],Hovercraft,['Trucks'],Vehicles,False,True
781,Vehicles,11,Inclusion Fallacy,13,['Bicycles'],Tractors,['Bicycles'],Vehicles,False,True
782,Vehicles,11,Inclusion Fallacy,15,['Trains'],Vehicles,['Trains'],Tractors,False,False
783,Vehicles,11,Inclusion Fallacy,16,['Taxis'],Vehicles,['Taxis'],Rockets,False,False
784,Vehicles,11,Inclusion Fallacy,17,['Mopeds'],Skateboards,['Mopeds'],Vehicles,False,True
785,Vehicles,11,Inclusion Fallacy,18,['Motorbikes'],Vehicles,['Motorbikes'],Hovercraft,False,False
786,Vehicles,11,Inclusion Fallacy,19,['Cars'],Submarines,['Cars'],Vehicles,False,True
787,Vehicles,11,Inclusion Fallacy,20,['Trains'],Hovercraft,['Trains'],Vehicles,False,True
788,Vehicles,11,Inclusion Fallacy,23,['Cars'],Zeppelins,['Cars'],Vehicles,False,True
789,Vehicles,11,Inclusion Fallacy,24,['Motorbikes'],Vehicles,['Motorbikes'],Skateboards,False,False
790,Vehicles,11,Inclusion Fallacy,25,['Mopeds'],Vehicles,['Mopeds'],Caravans,False,False
791,Vehicles,11,Inclusion Fallacy,26,['Buses'],Vehicles,['Buses'],Skateboards,False,False
