,batch_num,domain,argtype,is_osherson,argument
0,0,Birds,General,0.0,"[['Ostriches', 'Swans', 'Penguins'], 'Birds']"
1,0,Birds,General,0.0,"[['Roosters', 'Penguins', 'Peacocks'], 'Birds']"
2,0,Birds,General,0.0,"[['Peacocks', 'Parrots', 'Roosters'], 'Birds']"
3,0,Birds,General,0.0,"[['Robins', 'Ducks', 'Canaries'], 'Birds']"
4,0,Birds,General,0.0,"[['Swans', 'Owls', 'Vultures'], 'Birds']"
5,0,Birds,General,0.0,"[['Roosters', 'Swallows', 'Turkeys'], 'Birds']"
6,0,Birds,General,0.0,"[['Crows', 'Robins', 'Swans'], 'Birds']"
7,0,Birds,General,0.0,"[['Doves', 'Canaries', 'Herons'], 'Birds']"
8,0,Birds,General,0.0,"[['Sparrows', 'Turkeys', 'Vultures'], 'Birds']"
9,0,Birds,General,0.0,"[['Turkeys', 'Falcons', 'Sparrows'], 'Birds']"
10,1,Birds,General,0.0,"[['Robins', 'Blackbirds', 'Sparrows'], 'Birds']"
11,1,Birds,General,0.0,"[['Eagles', 'Owls', 'Falcons'], 'Birds']"
12,1,Birds,General,0.0,"[['Swans', 'Eagles', 'Vultures'], 'Birds']"
13,1,Birds,General,0.0,"[['Penguins', 'Ostriches', 'Robins'], 'Birds']"
14,1,Birds,General,0.0,"[['Falcons', 'Swallows', 'Crows'], 'Birds']"
15,1,Birds,General,0.0,"[['Owls', 'Eagles', 'Chickens'], 'Birds']"
16,1,Birds,General,0.0,"[['Swans', 'Magpies', 'Ostriches'], 'Birds']"
17,1,Birds,General,0.0,"[['Crows', 'Canaries', 'Ducks'], 'Birds']"
18,1,Birds,General,0.0,"[['Turkeys', 'Magpies', 'Swans'], 'Birds']"
19,1,Birds,General,0.0,"[['Ducks', 'Magpies', 'Eagles'], 'Birds']"
20,2,Birds,General,0.0,"[['Robins', 'Penguins', 'Canaries'], 'Birds']"
21,2,Birds,General,0.0,"[['Roosters', 'Penguins', 'Ostriches'], 'Birds']"
22,2,Birds,General,0.0,"[['Herons', 'Storks', 'Owls'], 'Birds']"
23,2,Birds,General,0.0,"[['Swans', 'Penguins', 'Canaries'], 'Birds']"
24,2,Birds,General,0.0,"[['Storks', 'Owls', 'Crows'], 'Birds']"
25,2,Birds,General,0.0,"[['Roosters', 'Swallows', 'Seagulls'], 'Birds']"
26,2,Birds,General,0.0,"[['Sparrows', 'Ostriches', 'Eagles'], 'Birds']"
27,2,Birds,General,0.0,"[['Sparrows', 'Falcons', 'Storks'], 'Birds']"
28,2,Birds,General,0.0,"[['Chickens', 'Herons', 'Falcons'], 'Birds']"
29,2,Birds,General,0.0,"[['Magpies', 'Chickens', 'Storks'], 'Birds']"
30,3,Birds,General,0.0,"[['Swans', 'Penguins', 'Ducks'], 'Birds']"
31,3,Birds,General,0.0,"[['Owls', 'Vultures', 'Eagles'], 'Birds']"
32,3,Birds,General,0.0,"[['Sparrows', 'Magpies', 'Robins'], 'Birds']"
33,3,Birds,General,0.0,"[['Herons', 'Falcons', 'Owls'], 'Birds']"
34,3,Birds,General,0.0,"[['Swallows', 'Doves', 'Sparrows'], 'Birds']"
35,3,Birds,General,0.0,"[['Chickens', 'Parrots', 'Swans'], 'Birds']"
36,3,Birds,General,0.0,"[['Eagles', 'Chickens', 'Parrots'], 'Birds']"
37,3,Birds,General,0.0,"[['Storks', 'Roosters', 'Doves'], 'Birds']"
38,3,Birds,General,0.0,"[['Seagulls', 'Sparrows', 'Turkeys'], 'Birds']"
39,3,Birds,General,0.0,"[['Magpies', 'Herons', 'Turkeys'], 'Birds']"
40,4,Birds,General,0.0,"[['Blackbirds', 'Canaries', 'Robins'], 'Birds']"
41,4,Birds,General,0.0,"[['Ostriches', 'Swans', 'Peacocks'], 'Birds']"
42,4,Birds,General,0.0,"[['Roosters', 'Ostriches', 'Peacocks'], 'Birds']"
43,4,Birds,General,0.0,"[['Falcons', 'Storks', 'Penguins'], 'Birds']"
44,4,Birds,General,0.0,"[['Owls', 'Seagulls', 'Magpies'], 'Birds']"
45,4,Birds,General,0.0,"[['Seagulls', 'Ostriches', 'Ducks'], 'Birds']"
46,4,Birds,General,0.0,"[['Magpies', 'Vultures', 'Herons'], 'Birds']"
47,4,Birds,General,0.0,"[['Turkeys', 'Seagulls', 'Robins'], 'Birds']"
48,4,Birds,General,0.0,"[['Chickens', 'Swallows', 'Storks'], 'Birds']"
49,4,Birds,General,0.0,"[['Magpies', 'Turkeys', 'Eagles'], 'Birds']"
50,5,Birds,General,0.0,"[['Canaries', 'Sparrows', 'Robins'], 'Birds']"
51,5,Birds,General,0.0,"[['Herons', 'Storks', 'Eagles'], 'Birds']"
52,5,Birds,General,0.0,"[['Crows', 'Owls', 'Penguins'], 'Birds']"
53,5,Birds,General,0.0,"[['Vultures', 'Crows', 'Owls'], 'Birds']"
54,5,Birds,General,0.0,"[['Robins', 'Chickens', 'Sparrows'], 'Birds']"
55,5,Birds,General,0.0,"[['Peacocks', 'Seagulls', 'Doves'], 'Birds']"
56,5,Birds,General,0.0,"[['Peacocks', 'Chickens', 'Sparrows'], 'Birds']"
57,5,Birds,General,0.0,"[['Magpies', 'Herons', 'Falcons'], 'Birds']"
58,5,Birds,General,0.0,"[['Swallows', 'Falcons', 'Turkeys'], 'Birds']"
59,5,Birds,General,0.0,"[['Blackbirds', 'Turkeys', 'Herons'], 'Birds']"
60,6,Birds,General,0.0,"[['Ostriches', 'Storks', 'Swans'], 'Birds']"
61,6,Birds,General,0.0,"[['Turkeys', 'Roosters', 'Peacocks'], 'Birds']"
62,6,Birds,General,0.0,"[['Penguins', 'Swans', 'Parrots'], 'Birds']"
63,6,Birds,General,0.0,"[['Robins', 'Swans', 'Penguins'], 'Birds']"
64,6,Birds,General,0.0,"[['Owls', 'Seagulls', 'Canaries'], 'Birds']"
65,6,Birds,General,0.0,"[['Swans', 'Parrots', 'Swallows'], 'Birds']"
66,6,Birds,General,0.0,"[['Eagles', 'Swans', 'Swallows'], 'Birds']"
67,6,Birds,General,0.0,"[['Seagulls', 'Eagles', 'Chickens'], 'Birds']"
68,6,Birds,General,0.0,"[['Sparrows', 'Falcons', 'Roosters'], 'Birds']"
69,6,Birds,General,0.0,"[['Falcons', 'Blackbirds', 'Turkeys'], 'Birds']"
70,7,Birds,General,0.0,"[['Canaries', 'Blackbirds', 'Sparrows'], 'Birds']"
71,7,Birds,General,0.0,"[['Ostriches', 'Herons', 'Storks'], 'Birds']"
72,7,Birds,General,0.0,"[['Canaries', 'Robins', 'Doves'], 'Birds']"
73,7,Birds,General,0.0,"[['Herons', 'Falcons', 'Vultures'], 'Birds']"
74,7,Birds,General,0.0,"[['Seagulls', 'Herons', 'Swallows'], 'Birds']"
75,7,Birds,General,0.0,"[['Crows', 'Canaries', 'Vultures'], 'Birds']"
76,7,Birds,General,0.0,"[['Swallows', 'Turkeys', 'Ostriches'], 'Birds']"
77,7,Birds,General,0.0,"[['Sparrows', 'Eagles', 'Doves'], 'Birds']"
78,7,Birds,General,0.0,"[['Vultures', 'Magpies', 'Roosters'], 'Birds']"
79,7,Birds,General,0.0,"[['Robins', 'Turkeys', 'Falcons'], 'Birds']"
80,8,Birds,General,0.0,"[['Vultures', 'Eagles', 'Penguins'], 'Birds']"
81,8,Birds,General,0.0,"[['Penguins', 'Chickens', 'Roosters'], 'Birds']"
82,8,Birds,General,0.0,"[['Crows', 'Owls', 'Falcons'], 'Birds']"
83,8,Birds,General,0.0,"[['Storks', 'Seagulls', 'Ostriches'], 'Birds']"
84,8,Birds,General,0.0,"[['Doves', 'Chickens', 'Roosters'], 'Birds']"
85,8,Birds,General,0.0,"[['Blackbirds', 'Parrots', 'Falcons'], 'Birds']"
86,8,Birds,General,0.0,"[['Herons', 'Seagulls', 'Ducks'], 'Birds']"
87,8,Birds,General,0.0,"[['Blackbirds', 'Chickens', 'Ducks'], 'Birds']"
88,8,Birds,General,0.0,"[['Ducks', 'Blackbirds', 'Herons'], 'Birds']"
89,8,Birds,General,0.0,"[['Chickens', 'Herons', 'Sparrows'], 'Birds']"
90,9,Birds,General,0.0,"[['Ostriches', 'Penguins', 'Storks'], 'Birds']"
91,9,Birds,General,0.0,"[['Canaries', 'Robins', 'Parrots'], 'Birds']"
92,9,Birds,General,0.0,"[['Canaries', 'Blackbirds', 'Penguins'], 'Birds']"
93,9,Birds,General,0.0,"[['Eagles', 'Parrots', 'Canaries'], 'Birds']"
94,9,Birds,General,0.0,"[['Chickens', 'Roosters', 'Crows'], 'Birds']"
95,9,Birds,General,0.0,"[['Doves', 'Storks', 'Ostriches'], 'Birds']"
96,9,Birds,General,0.0,"[['Seagulls', 'Canaries', 'Ducks'], 'Birds']"
97,9,Birds,General,0.0,"[['Storks', 'Ducks', 'Doves'], 'Birds']"
98,9,Birds,General,0.0,"[['Robins', 'Turkeys', 'Vultures'], 'Birds']"
99,9,Birds,General,0.0,"[['Magpies', 'Chickens', 'Eagles'], 'Birds']"
100,0,Mammals,General,0.0,"[['Camels', 'Rhinos', 'Elephants'], 'Mammals']"
101,0,Mammals,General,0.0,"[['Cows', 'Rhinos', 'Camels'], 'Mammals']"
102,0,Mammals,General,0.0,"[['Cows', 'Camels', 'Llamas'], 'Mammals']"
103,0,Mammals,General,0.0,"[['Sheep', 'Bats', 'Cows'], 'Mammals']"
104,0,Mammals,General,0.0,"[['Dogs', 'Camels', 'Cows'], 'Mammals']"
105,0,Mammals,General,0.0,"[['Cows', 'Lions', 'Donkeys'], 'Mammals']"
106,0,Mammals,General,0.0,"[['Camels', 'Cats', 'Sheep'], 'Mammals']"
107,0,Mammals,General,0.0,"[['Donkeys', 'Cows', 'Squirrels'], 'Mammals']"
108,0,Mammals,General,0.0,"[['Camels', 'Cats', 'Zebras'], 'Mammals']"
109,0,Mammals,General,0.0,"[['Donkeys', 'Cats', 'Squirrels'], 'Mammals']"
110,1,Mammals,General,0.0,"[['Lions', 'Elephants', 'Rhinos'], 'Mammals']"
111,1,Mammals,General,0.0,"[['Camels', 'Cows', 'Elephants'], 'Mammals']"
112,1,Mammals,General,0.0,"[['Rhinos', 'Cows', 'Pigs'], 'Mammals']"
113,1,Mammals,General,0.0,"[['Rhinos', 'Sheep', 'Bats'], 'Mammals']"
114,1,Mammals,General,0.0,"[['Elephants', 'Zebras', 'Sheep'], 'Mammals']"
115,1,Mammals,General,0.0,"[['Camels', 'Zebras', 'Sheep'], 'Mammals']"
116,1,Mammals,General,0.0,"[['Zebras', 'Lions', 'Sheep'], 'Mammals']"
117,1,Mammals,General,0.0,"[['Dogs', 'Squirrels', 'Cows'], 'Mammals']"
118,1,Mammals,General,0.0,"[['Llamas', 'Cats', 'Rhinos'], 'Mammals']"
119,1,Mammals,General,0.0,"[['Cats', 'Camels', 'Donkeys'], 'Mammals']"
120,2,Mammals,General,0.0,"[['Pigs', 'Rhinos', 'Elephants'], 'Mammals']"
121,2,Mammals,General,0.0,"[['Rhinos', 'Zebras', 'Elephants'], 'Mammals']"
122,2,Mammals,General,0.0,"[['Dogs', 'Squirrels', 'Bats'], 'Mammals']"
123,2,Mammals,General,0.0,"[['Donkeys', 'Cows', 'Camels'], 'Mammals']"
124,2,Mammals,General,0.0,"[['Zebras', 'Rhinos', 'Sheep'], 'Mammals']"
125,2,Mammals,General,0.0,"[['Llamas', 'Dogs', 'Pigs'], 'Mammals']"
126,2,Mammals,General,0.0,"[['Elephants', 'Squirrels', 'Cows'], 'Mammals']"
127,2,Mammals,General,0.0,"[['Cats', 'Llamas', 'Dogs'], 'Mammals']"
128,2,Mammals,General,0.0,"[['Zebras', 'Cows', 'Cats'], 'Mammals']"
129,2,Mammals,General,0.0,"[['Cats', 'Squirrels', 'Zebras'], 'Mammals']"
130,3,Mammals,General,0.0,"[['Elephants', 'Bats', 'Rhinos'], 'Mammals']"
131,3,Mammals,General,0.0,"[['Bats', 'Dogs', 'Pigs'], 'Mammals']"
132,3,Mammals,General,0.0,"[['Elephants', 'Bats', 'Pigs'], 'Mammals']"
133,3,Mammals,General,0.0,"[['Llamas', 'Zebras', 'Cows'], 'Mammals']"
134,3,Mammals,General,0.0,"[['Lions', 'Camels', 'Sheep'], 'Mammals']"
135,3,Mammals,General,0.0,"[['Sheep', 'Cats', 'Squirrels'], 'Mammals']"
136,3,Mammals,General,0.0,"[['Camels', 'Pigs', 'Squirrels'], 'Mammals']"
137,3,Mammals,General,0.0,"[['Donkeys', 'Pigs', 'Squirrels'], 'Mammals']"
138,3,Mammals,General,0.0,"[['Sheep', 'Zebras', 'Cats'], 'Mammals']"
139,3,Mammals,General,0.0,"[['Zebras', 'Squirrels', 'Lions'], 'Mammals']"
140,4,Mammals,General,0.0,"[['Pigs', 'Sheep', 'Bats'], 'Mammals']"
141,4,Mammals,General,0.0,"[['Bats', 'Cats', 'Squirrels'], 'Mammals']"
142,4,Mammals,General,0.0,"[['Dogs', 'Cats', 'Sheep'], 'Mammals']"
143,4,Mammals,General,0.0,"[['Donkeys', 'Llamas', 'Zebras'], 'Mammals']"
144,4,Mammals,General,0.0,"[['Pigs', 'Llamas', 'Elephants'], 'Mammals']"
145,4,Mammals,General,0.0,"[['Llamas', 'Donkeys', 'Dogs'], 'Mammals']"
146,4,Mammals,General,0.0,"[['Camels', 'Dogs', 'Squirrels'], 'Mammals']"
147,4,Mammals,General,0.0,"[['Cats', 'Dogs', 'Donkeys'], 'Mammals']"
148,4,Mammals,General,0.0,"[['Zebras', 'Cats', 'Bats'], 'Mammals']"
149,4,Mammals,General,0.0,"[['Llamas', 'Cats', 'Squirrels'], 'Mammals']"
150,5,Mammals,General,0.0,"[['Cows', 'Rhinos', 'Elephants'], 'Mammals']"
151,5,Mammals,General,0.0,"[['Rhinos', 'Zebras', 'Elephants'], 'Mammals']"
152,5,Mammals,General,0.0,"[['Llamas', 'Camels', 'Elephants'], 'Mammals']"
153,5,Mammals,General,0.0,"[['Rhinos', 'Sheep', 'Bats'], 'Mammals']"
154,5,Mammals,General,0.0,"[['Pigs', 'Camels', 'Zebras'], 'Mammals']"
155,5,Mammals,General,0.0,"[['Llamas', 'Donkeys', 'Dogs'], 'Mammals']"
156,5,Mammals,General,0.0,"[['Zebras', 'Lions', 'Sheep'], 'Mammals']"
157,5,Mammals,General,0.0,"[['Sheep', 'Squirrels', 'Llamas'], 'Mammals']"
158,5,Mammals,General,0.0,"[['Camels', 'Cats', 'Zebras'], 'Mammals']"
159,5,Mammals,General,0.0,"[['Squirrels', 'Donkeys', 'Lions'], 'Mammals']"
160,0,Mammals,General,1.0,"[['horse', 'dolphin', 'seal'], 'Mammals']"
161,0,Mammals,General,1.0,"[['chimp', 'gorilla', 'squirrel'], 'Mammals']"
162,0,Mammals,General,1.0,"[['mouse', 'squirrel', 'seal'], 'Mammals']"
163,0,Mammals,General,1.0,"[['cow', 'chimp', 'elephant'], 'Mammals']"
164,0,Mammals,General,1.0,"[['horse', 'squirrel', 'elephant'], 'Mammals']"
165,0,Mammals,General,1.0,"[['gorilla', 'mouse', 'elephant'], 'Mammals']"
166,0,Mammals,General,1.0,"[['squirrel', 'seal', 'rhino'], 'Mammals']"
167,0,Mammals,General,1.0,"[['horse', 'mouse', 'seal'], 'Mammals']"
168,0,Mammals,General,1.0,"[['horse', 'gorilla', 'dolphin'], 'Mammals']"
169,0,Mammals,General,1.0,"[['cow', 'chimp', 'dolphin'], 'Mammals']"
170,1,Mammals,General,1.0,"[['cow', 'elephant', 'rhino'], 'Mammals']"
171,1,Mammals,General,1.0,"[['chimp', 'gorilla', 'dolphin'], 'Mammals']"
172,1,Mammals,General,1.0,"[['cow', 'squirrel', 'rhino'], 'Mammals']"
173,1,Mammals,General,1.0,"[['horse', 'mouse', 'rhino'], 'Mammals']"
174,1,Mammals,General,1.0,"[['horse', 'dolphin', 'elephant'], 'Mammals']"
175,1,Mammals,General,1.0,"[['chimp', 'squirrel', 'rhino'], 'Mammals']"
176,1,Mammals,General,1.0,"[['chimp', 'squirrel', 'elephant'], 'Mammals']"
177,1,Mammals,General,1.0,"[['cow', 'chimp', 'seal'], 'Mammals']"
178,1,Mammals,General,1.0,"[['chimp', 'dolphin', 'elephant'], 'Mammals']"
179,1,Mammals,General,1.0,"[['gorilla', 'squirrel', 'dolphin'], 'Mammals']"
180,2,Mammals,General,1.0,"[['gorilla', 'elephant', 'rhino'], 'Mammals']"
181,2,Mammals,General,1.0,"[['mouse', 'elephant', 'rhino'], 'Mammals']"
182,2,Mammals,General,1.0,"[['horse', 'cow', 'mouse'], 'Mammals']"
183,2,Mammals,General,1.0,"[['cow', 'mouse', 'rhino'], 'Mammals']"
184,2,Mammals,General,1.0,"[['cow', 'dolphin', 'rhino'], 'Mammals']"
185,2,Mammals,General,1.0,"[['horse', 'chimp', 'squirrel'], 'Mammals']"
186,2,Mammals,General,1.0,"[['horse', 'squirrel', 'seal'], 'Mammals']"
187,2,Mammals,General,1.0,"[['mouse', 'seal', 'rhino'], 'Mammals']"
188,2,Mammals,General,1.0,"[['horse', 'chimp', 'seal'], 'Mammals']"
189,2,Mammals,General,1.0,"[['chimp', 'squirrel', 'dolphin'], 'Mammals']"
190,3,Mammals,General,1.0,"[['horse', 'cow', 'rhino'], 'Mammals']"
191,3,Mammals,General,1.0,"[['chimp', 'gorilla', 'seal'], 'Mammals']"
192,3,Mammals,General,1.0,"[['mouse', 'dolphin', 'seal'], 'Mammals']"
193,3,Mammals,General,1.0,"[['horse', 'cow', 'seal'], 'Mammals']"
194,3,Mammals,General,1.0,"[['cow', 'seal', 'elephant'], 'Mammals']"
195,3,Mammals,General,1.0,"[['gorilla', 'seal', 'elephant'], 'Mammals']"
196,3,Mammals,General,1.0,"[['horse', 'gorilla', 'squirrel'], 'Mammals']"
197,3,Mammals,General,1.0,"[['squirrel', 'dolphin', 'rhino'], 'Mammals']"
198,3,Mammals,General,1.0,"[['horse', 'gorilla', 'dolphin'], 'Mammals']"
199,3,Mammals,General,1.0,"[['gorilla', 'mouse', 'seal'], 'Mammals']"
200,4,Mammals,General,1.0,"[['horse', 'mouse', 'squirrel'], 'Mammals']"
201,4,Mammals,General,1.0,"[['squirrel', 'dolphin', 'seal'], 'Mammals']"
202,4,Mammals,General,1.0,"[['horse', 'cow', 'mouse'], 'Mammals']"
203,4,Mammals,General,1.0,"[['horse', 'cow', 'seal'], 'Mammals']"
204,4,Mammals,General,1.0,"[['cow', 'dolphin', 'elephant'], 'Mammals']"
205,4,Mammals,General,1.0,"[['chimp', 'squirrel', 'rhino'], 'Mammals']"
206,4,Mammals,General,1.0,"[['squirrel', 'seal', 'rhino'], 'Mammals']"
207,4,Mammals,General,1.0,"[['mouse', 'seal', 'elephant'], 'Mammals']"
208,4,Mammals,General,1.0,"[['horse', 'chimp', 'seal'], 'Mammals']"
209,4,Mammals,General,1.0,"[['cow', 'squirrel', 'dolphin'], 'Mammals']"
210,5,Mammals,General,1.0,"[['horse', 'cow', 'rhino'], 'Mammals']"
211,5,Mammals,General,1.0,"[['squirrel', 'dolphin', 'seal'], 'Mammals']"
212,5,Mammals,General,1.0,"[['horse', 'cow', 'mouse'], 'Mammals']"
213,5,Mammals,General,1.0,"[['horse', 'cow', 'seal'], 'Mammals']"
214,5,Mammals,General,1.0,"[['horse', 'dolphin', 'elephant'], 'Mammals']"
215,5,Mammals,General,1.0,"[['gorilla', 'seal', 'elephant'], 'Mammals']"
216,5,Mammals,General,1.0,"[['chimp', 'squirrel', 'elephant'], 'Mammals']"
217,5,Mammals,General,1.0,"[['cow', 'mouse', 'seal'], 'Mammals']"
218,5,Mammals,General,1.0,"[['horse', 'gorilla', 'dolphin'], 'Mammals']"
219,5,Mammals,General,1.0,"[['gorilla', 'squirrel', 'dolphin'], 'Mammals']"
220,0,Vehicles,General,0.0,"[['Boats', 'Rockets', 'Hovercraft'], 'Vehicles']"
221,0,Vehicles,General,0.0,"[['Mopeds', 'Skateboards', 'Motorbikes'], 'Vehicles']"
222,0,Vehicles,General,0.0,"[['Skateboards', 'Sleds', 'Tractors'], 'Vehicles']"
223,0,Vehicles,General,0.0,"[['Trams', 'Helicopters', 'Trains'], 'Vehicles']"
224,0,Vehicles,General,0.0,"[['Jeeps', 'Trams', 'Trains'], 'Vehicles']"
225,0,Vehicles,General,0.0,"[['Tractors', 'Zeppelins', 'Sleds'], 'Vehicles']"
226,0,Vehicles,General,0.0,"[['Helicopters', 'Zeppelins', 'Taxis'], 'Vehicles']"
227,0,Vehicles,General,0.0,"[['Cars', 'Trains', 'Vans'], 'Vehicles']"
228,0,Vehicles,General,0.0,"[['Vans', 'Boats', 'Bicycles'], 'Vehicles']"
229,0,Vehicles,General,0.0,"[['Mopeds', 'Cars', 'Boats'], 'Vehicles']"
230,1,Vehicles,General,0.0,"[['Rockets', 'Airplanes', 'Helicopters'], 'Vehicles']"
231,1,Vehicles,General,0.0,"[['Airplanes', 'Submarines', 'Zeppelins'], 'Vehicles']"
232,1,Vehicles,General,0.0,"[['Carts', 'Carriages', 'Skateboards'], 'Vehicles']"
233,1,Vehicles,General,0.0,"[['Mopeds', 'Motorbikes', 'Hovercraft'], 'Vehicles']"
234,1,Vehicles,General,0.0,"[['Helicopters', 'Motorbikes', 'Zeppelins'], 'Vehicles']"
235,1,Vehicles,General,0.0,"[['Caravans', 'Carts', 'Bicycles'], 'Vehicles']"
236,1,Vehicles,General,0.0,"[['Bicycles', 'Cars', 'Mopeds'], 'Vehicles']"
237,1,Vehicles,General,0.0,"[['Hovercraft', 'Jeeps', 'Bicycles'], 'Vehicles']"
238,1,Vehicles,General,0.0,"[['Buses', 'Carts', 'Bicycles'], 'Vehicles']"
239,1,Vehicles,General,0.0,"[['Airplanes', 'Boats', 'Cars'], 'Vehicles']"
240,2,Vehicles,General,0.0,"[['Helicopters', 'Rockets', 'Submarines'], 'Vehicles']"
241,2,Vehicles,General,0.0,"[['Skateboards', 'Motorbikes', 'Bicycles'], 'Vehicles']"
242,2,Vehicles,General,0.0,"[['Mopeds', 'Motorbikes', 'Tractors'], 'Vehicles']"
243,2,Vehicles,General,0.0,"[['Zeppelins', 'Sleds', 'Hovercraft'], 'Vehicles']"
244,2,Vehicles,General,0.0,"[['Trucks', 'Jeeps', 'Vans'], 'Vehicles']"
245,2,Vehicles,General,0.0,"[['Tractors', 'Vans', 'Trams'], 'Vehicles']"
246,2,Vehicles,General,0.0,"[['Sleds', 'Submarines', 'Taxis'], 'Vehicles']"
247,2,Vehicles,General,0.0,"[['Carts', 'Trucks', 'Cars'], 'Vehicles']"
248,2,Vehicles,General,0.0,"[['Carriages', 'Buses', 'Mopeds'], 'Vehicles']"
249,2,Vehicles,General,0.0,"[['Cars', 'Skateboards', 'Airplanes'], 'Vehicles']"
250,3,Vehicles,General,0.0,"[['Submarines', 'Zeppelins', 'Helicopters'], 'Vehicles']"
251,3,Vehicles,General,0.0,"[['Rockets', 'Helicopters', 'Skateboards'], 'Vehicles']"
252,3,Vehicles,General,0.0,"[['Airplanes', 'Zeppelins', 'Skateboards'], 'Vehicles']"
253,3,Vehicles,General,0.0,"[['Caravans', 'Submarines', 'Hovercraft'], 'Vehicles']"
254,3,Vehicles,General,0.0,"[['Mopeds', 'Submarines', 'Skateboards'], 'Vehicles']"
255,3,Vehicles,General,0.0,"[['Tractors', 'Boats', 'Mopeds'], 'Vehicles']"
256,3,Vehicles,General,0.0,"[['Tractors', 'Trains', 'Airplanes'], 'Vehicles']"
257,3,Vehicles,General,0.0,"[['Rockets', 'Boats', 'Taxis'], 'Vehicles']"
258,3,Vehicles,General,0.0,"[['Buses', 'Cars', 'Carts'], 'Vehicles']"
259,3,Vehicles,General,0.0,"[['Cars', 'Hovercraft', 'Bicycles'], 'Vehicles']"
260,4,Vehicles,General,0.0,"[['Airplanes', 'Helicopters', 'Zeppelins'], 'Vehicles']"
261,4,Vehicles,General,0.0,"[['Boats', 'Submarines', 'Helicopters'], 'Vehicles']"
262,4,Vehicles,General,0.0,"[['Rockets', 'Zeppelins', 'Boats'], 'Vehicles']"
263,4,Vehicles,General,0.0,"[['Sleds', 'Carts', 'Caravans'], 'Vehicles']"
264,4,Vehicles,General,0.0,"[['Caravans', 'Tractors', 'Trams'], 'Vehicles']"
265,4,Vehicles,General,0.0,"[['Carriages', 'Skateboards', 'Taxis'], 'Vehicles']"
266,4,Vehicles,General,0.0,"[['Taxis', 'Carriages', 'Trains'], 'Vehicles']"
267,4,Vehicles,General,0.0,"[['Motorbikes', 'Rockets', 'Taxis'], 'Vehicles']"
268,4,Vehicles,General,0.0,"[['Taxis', 'Helicopters', 'Bicycles'], 'Vehicles']"
269,4,Vehicles,General,0.0,"[['Airplanes', 'Mopeds', 'Trucks'], 'Vehicles']"
270,5,Vehicles,General,0.0,"[['Motorbikes', 'Mopeds', 'Bicycles'], 'Vehicles']"
271,5,Vehicles,General,0.0,"[['Submarines', 'Rockets', 'Airplanes'], 'Vehicles']"
272,5,Vehicles,General,0.0,"[['Mopeds', 'Sleds', 'Motorbikes'], 'Vehicles']"
273,5,Vehicles,General,0.0,"[['Hovercraft', 'Submarines', 'Bicycles'], 'Vehicles']"
274,5,Vehicles,General,0.0,"[['Sleds', 'Boats', 'Rockets'], 'Vehicles']"
275,5,Vehicles,General,0.0,"[['Sleds', 'Taxis', 'Jeeps'], 'Vehicles']"
276,5,Vehicles,General,0.0,"[['Caravans', 'Taxis', 'Zeppelins'], 'Vehicles']"
277,5,Vehicles,General,0.0,"[['Carriages', 'Taxis', 'Motorbikes'], 'Vehicles']"
278,5,Vehicles,General,0.0,"[['Cars', 'Sleds', 'Submarines'], 'Vehicles']"
279,5,Vehicles,General,0.0,"[['Helicopters', 'Buses', 'Cars'], 'Vehicles']"
280,6,Vehicles,General,0.0,"[['Rockets', 'Helicopters', 'Zeppelins'], 'Vehicles']"
281,6,Vehicles,General,0.0,"[['Submarines', 'Skateboards', 'Sleds'], 'Vehicles']"
282,6,Vehicles,General,0.0,"[['Airplanes', 'Skateboards', 'Helicopters'], 'Vehicles']"
283,6,Vehicles,General,0.0,"[['Motorbikes', 'Bicycles', 'Rockets'], 'Vehicles']"
284,6,Vehicles,General,0.0,"[['Tractors', 'Caravans', 'Jeeps'], 'Vehicles']"
285,6,Vehicles,General,0.0,"[['Mopeds', 'Tractors', 'Trams'], 'Vehicles']"
286,6,Vehicles,General,0.0,"[['Carts', 'Trucks', 'Taxis'], 'Vehicles']"
287,6,Vehicles,General,0.0,"[['Bicycles', 'Buses', 'Tractors'], 'Vehicles']"
288,6,Vehicles,General,0.0,"[['Buses', 'Rockets', 'Motorbikes'], 'Vehicles']"
289,6,Vehicles,General,0.0,"[['Cars', 'Trams', 'Zeppelins'], 'Vehicles']"
290,7,Vehicles,General,0.0,"[['Hovercraft', 'Submarines', 'Boats'], 'Vehicles']"
291,7,Vehicles,General,0.0,"[['Hovercraft', 'Boats', 'Zeppelins'], 'Vehicles']"
292,7,Vehicles,General,0.0,"[['Skateboards', 'Helicopters', 'Hovercraft'], 'Vehicles']"
293,7,Vehicles,General,0.0,"[['Carriages', 'Carts', 'Tractors'], 'Vehicles']"
294,7,Vehicles,General,0.0,"[['Rockets', 'Caravans', 'Zeppelins'], 'Vehicles']"
295,7,Vehicles,General,0.0,"[['Trams', 'Trucks', 'Jeeps'], 'Vehicles']"
296,7,Vehicles,General,0.0,"[['Motorbikes', 'Trains', 'Sleds'], 'Vehicles']"
297,7,Vehicles,General,0.0,"[['Jeeps', 'Carriages', 'Motorbikes'], 'Vehicles']"
298,7,Vehicles,General,0.0,"[['Cars', 'Trams', 'Rockets'], 'Vehicles']"
299,7,Vehicles,General,0.0,"[['Vans', 'Cars', 'Airplanes'], 'Vehicles']"
300,8,Vehicles,General,0.0,"[['Hovercraft', 'Submarines', 'Rockets'], 'Vehicles']"
301,8,Vehicles,General,0.0,"[['Submarines', 'Hovercraft', 'Skateboards'], 'Vehicles']"
302,8,Vehicles,General,0.0,"[['Sleds', 'Mopeds', 'Bicycles'], 'Vehicles']"
303,8,Vehicles,General,0.0,"[['Carriages', 'Caravans', 'Carts'], 'Vehicles']"
304,8,Vehicles,General,0.0,"[['Carts', 'Bicycles', 'Sleds'], 'Vehicles']"
305,8,Vehicles,General,0.0,"[['Trams', 'Boats', 'Caravans'], 'Vehicles']"
306,8,Vehicles,General,0.0,"[['Taxis', 'Carts', 'Motorbikes'], 'Vehicles']"
307,8,Vehicles,General,0.0,"[['Mopeds', 'Carriages', 'Jeeps'], 'Vehicles']"
308,8,Vehicles,General,0.0,"[['Motorbikes', 'Jeeps', 'Buses'], 'Vehicles']"
309,8,Vehicles,General,0.0,"[['Buses', 'Cars', 'Airplanes'], 'Vehicles']"
310,9,Vehicles,General,0.0,"[['Bicycles', 'Sleds', 'Skateboards'], 'Vehicles']"
311,9,Vehicles,General,0.0,"[['Airplanes', 'Submarines', 'Zeppelins'], 'Vehicles']"
312,9,Vehicles,General,0.0,"[['Boats', 'Hovercraft', 'Skateboards'], 'Vehicles']"
313,9,Vehicles,General,0.0,"[['Hovercraft', 'Trains', 'Trams'], 'Vehicles']"
314,9,Vehicles,General,0.0,"[['Trams', 'Carriages', 'Sleds'], 'Vehicles']"
315,9,Vehicles,General,0.0,"[['Taxis', 'Trucks', 'Tractors'], 'Vehicles']"
316,9,Vehicles,General,0.0,"[['Airplanes', 'Mopeds', 'Boats'], 'Vehicles']"
317,9,Vehicles,General,0.0,"[['Trains', 'Jeeps', 'Carts'], 'Vehicles']"
318,9,Vehicles,General,0.0,"[['Boats', 'Buses', 'Airplanes'], 'Vehicles']"
319,9,Vehicles,General,0.0,"[['Airplanes', 'Cars', 'Submarines'], 'Vehicles']"
320,10,Vehicles,General,0.0,"[['Hovercraft', 'Helicopters', 'Zeppelins'], 'Vehicles']"
321,10,Vehicles,General,0.0,"[['Boats', 'Submarines', 'Helicopters'], 'Vehicles']"
322,10,Vehicles,General,0.0,"[['Airplanes', 'Zeppelins', 'Skateboards'], 'Vehicles']"
323,10,Vehicles,General,0.0,"[['Mopeds', 'Motorbikes', 'Hovercraft'], 'Vehicles']"
324,10,Vehicles,General,0.0,"[['Mopeds', 'Submarines', 'Skateboards'], 'Vehicles']"
325,10,Vehicles,General,0.0,"[['Tractors', 'Boats', 'Mopeds'], 'Vehicles']"
326,10,Vehicles,General,0.0,"[['Carts', 'Trucks', 'Taxis'], 'Vehicles']"
327,10,Vehicles,General,0.0,"[['Hovercraft', 'Jeeps', 'Bicycles'], 'Vehicles']"
328,10,Vehicles,General,0.0,"[['Buses', 'Carts', 'Bicycles'], 'Vehicles']"
329,10,Vehicles,General,0.0,"[['Airplanes', 'Boats', 'Cars'], 'Vehicles']"
330,0,Birds,Specific,0.0,"[['Parrots', 'Vultures'], 'Penguins']"
331,0,Birds,Specific,0.0,"[['Ostriches', 'Penguins'], 'Chickens']"
332,0,Birds,Specific,0.0,"[['Penguins', 'Seagulls'], 'Robins']"
333,0,Birds,Specific,0.0,"[['Ostriches', 'Parrots'], 'Chickens']"
334,0,Birds,Specific,0.0,"[['Magpies', 'Herons'], 'Peacocks']"
335,0,Birds,Specific,0.0,"[['Robins', 'Chickens'], 'Doves']"
336,0,Birds,Specific,0.0,"[['Blackbirds', 'Doves'], 'Robins']"
337,0,Birds,Specific,0.0,"[['Storks', 'Blackbirds'], 'Sparrows']"
338,0,Birds,Specific,0.0,"[['Roosters', 'Eagles'], 'Falcons']"
339,0,Birds,Specific,0.0,"[['Ostriches', 'Roosters'], 'Chickens']"
340,1,Birds,Specific,0.0,"[['Storks', 'Penguins'], 'Sparrows']"
341,1,Birds,Specific,0.0,"[['Magpies', 'Canaries'], 'Swans']"
342,1,Birds,Specific,0.0,"[['Chickens', 'Turkeys'], 'Owls']"
343,1,Birds,Specific,0.0,"[['Ducks', 'Eagles'], 'Swallows']"
344,1,Birds,Specific,0.0,"[['Canaries', 'Ducks'], 'Roosters']"
345,1,Birds,Specific,0.0,"[['Penguins', 'Herons'], 'Vultures']"
346,1,Birds,Specific,0.0,"[['Doves', 'Ducks'], 'Seagulls']"
347,1,Birds,Specific,0.0,"[['Eagles', 'Owls'], 'Vultures']"
348,1,Birds,Specific,0.0,"[['Swans', 'Robins'], 'Sparrows']"
349,1,Birds,Specific,0.0,"[['Roosters', 'Eagles'], 'Chickens']"
350,2,Birds,Specific,0.0,"[['Storks', 'Ostriches'], 'Canaries']"
351,2,Birds,Specific,0.0,"[['Swans', 'Ostriches'], 'Owls']"
352,2,Birds,Specific,0.0,"[['Roosters', 'Ostriches'], 'Doves']"
353,2,Birds,Specific,0.0,"[['Magpies', 'Swans'], 'Roosters']"
354,2,Birds,Specific,0.0,"[['Canaries', 'Eagles'], 'Magpies']"
355,2,Birds,Specific,0.0,"[['Parrots', 'Swallows'], 'Blackbirds']"
356,2,Birds,Specific,0.0,"[['Turkeys', 'Crows'], 'Peacocks']"
357,2,Birds,Specific,0.0,"[['Crows', 'Sparrows'], 'Magpies']"
358,2,Birds,Specific,0.0,"[['Blackbirds', 'Ducks'], 'Swans']"
359,2,Birds,Specific,0.0,"[['Doves', 'Turkeys'], 'Chickens']"
360,3,Birds,Specific,0.0,"[['Canaries', 'Robins'], 'Ostriches']"
361,3,Birds,Specific,0.0,"[['Storks', 'Eagles'], 'Blackbirds']"
362,3,Birds,Specific,0.0,"[['Crows', 'Blackbirds'], 'Peacocks']"
363,3,Birds,Specific,0.0,"[['Swans', 'Parrots'], 'Crows']"
364,3,Birds,Specific,0.0,"[['Magpies', 'Crows'], 'Robins']"
365,3,Birds,Specific,0.0,"[['Eagles', 'Canaries'], 'Parrots']"
366,3,Birds,Specific,0.0,"[['Swans', 'Swallows'], 'Seagulls']"
367,3,Birds,Specific,0.0,"[['Ostriches', 'Herons'], 'Storks']"
368,3,Birds,Specific,0.0,"[['Swallows', 'Falcons'], 'Eagles']"
369,3,Birds,Specific,0.0,"[['Owls', 'Chickens'], 'Turkeys']"
370,4,Birds,Specific,0.0,"[['Robins', 'Sparrows'], 'Vultures']"
371,4,Birds,Specific,0.0,"[['Vultures', 'Crows'], 'Penguins']"
372,4,Birds,Specific,0.0,"[['Owls', 'Ducks'], 'Herons']"
373,4,Birds,Specific,0.0,"[['Parrots', 'Peacocks'], 'Storks']"
374,4,Birds,Specific,0.0,"[['Peacocks', 'Parrots'], 'Roosters']"
375,4,Birds,Specific,0.0,"[['Robins', 'Herons'], 'Crows']"
376,4,Birds,Specific,0.0,"[['Parrots', 'Ducks'], 'Turkeys']"
377,4,Birds,Specific,0.0,"[['Storks', 'Crows'], 'Magpies']"
378,4,Birds,Specific,0.0,"[['Crows', 'Chickens'], 'Magpies']"
379,4,Birds,Specific,0.0,"[['Vultures', 'Turkeys'], 'Chickens']"
380,5,Birds,Specific,0.0,"[['Blackbirds', 'Canaries'], 'Ostriches']"
381,5,Birds,Specific,0.0,"[['Parrots', 'Vultures'], 'Ducks']"
382,5,Birds,Specific,0.0,"[['Owls', 'Vultures'], 'Canaries']"
383,5,Birds,Specific,0.0,"[['Swallows', 'Eagles'], 'Swans']"
384,5,Birds,Specific,0.0,"[['Robins', 'Storks'], 'Seagulls']"
385,5,Birds,Specific,0.0,"[['Storks', 'Doves'], 'Swans']"
386,5,Birds,Specific,0.0,"[['Penguins', 'Blackbirds'], 'Sparrows']"
387,5,Birds,Specific,0.0,"[['Ostriches', 'Eagles'], 'Falcons']"
388,5,Birds,Specific,0.0,"[['Herons', 'Magpies'], 'Storks']"
389,5,Birds,Specific,0.0,"[['Magpies', 'Chickens'], 'Turkeys']"
390,6,Birds,Specific,0.0,"[['Falcons', 'Eagles'], 'Penguins']"
391,6,Birds,Specific,0.0,"[['Swans', 'Storks'], 'Magpies']"
392,6,Birds,Specific,0.0,"[['Falcons', 'Robins'], 'Swans']"
393,6,Birds,Specific,0.0,"[['Sparrows', 'Herons'], 'Turkeys']"
394,6,Birds,Specific,0.0,"[['Robins', 'Herons'], 'Peacocks']"
395,6,Birds,Specific,0.0,"[['Parrots', 'Swans'], 'Canaries']"
396,6,Birds,Specific,0.0,"[['Storks', 'Seagulls'], 'Doves']"
397,6,Birds,Specific,0.0,"[['Storks', 'Peacocks'], 'Herons']"
398,6,Birds,Specific,0.0,"[['Peacocks', 'Robins'], 'Sparrows']"
399,6,Birds,Specific,0.0,"[['Chickens', 'Vultures'], 'Turkeys']"
400,7,Birds,Specific,0.0,"[['Penguins', 'Ducks'], 'Vultures']"
401,7,Birds,Specific,0.0,"[['Ostriches', 'Eagles'], 'Canaries']"
402,7,Birds,Specific,0.0,"[['Storks', 'Vultures'], 'Turkeys']"
403,7,Birds,Specific,0.0,"[['Crows', 'Ducks'], 'Sparrows']"
404,7,Birds,Specific,0.0,"[['Swallows', 'Falcons'], 'Sparrows']"
405,7,Birds,Specific,0.0,"[['Swans', 'Robins'], 'Doves']"
406,7,Birds,Specific,0.0,"[['Penguins', 'Doves'], 'Seagulls']"
407,7,Birds,Specific,0.0,"[['Storks', 'Swallows'], 'Herons']"
408,7,Birds,Specific,0.0,"[['Ducks', 'Falcons'], 'Swans']"
409,7,Birds,Specific,0.0,"[['Chickens', 'Sparrows'], 'Turkeys']"
410,8,Birds,Specific,0.0,"[['Parrots', 'Robins'], 'Penguins']"
411,8,Birds,Specific,0.0,"[['Magpies', 'Crows'], 'Penguins']"
412,8,Birds,Specific,0.0,"[['Ducks', 'Ostriches'], 'Blackbirds']"
413,8,Birds,Specific,0.0,"[['Robins', 'Crows'], 'Roosters']"
414,8,Birds,Specific,0.0,"[['Doves', 'Swallows'], 'Falcons']"
415,8,Birds,Specific,0.0,"[['Sparrows', 'Penguins'], 'Magpies']"
416,8,Birds,Specific,0.0,"[['Vultures', 'Turkeys'], 'Roosters']"
417,8,Birds,Specific,0.0,"[['Doves', 'Magpies'], 'Crows']"
418,8,Birds,Specific,0.0,"[['Doves', 'Eagles'], 'Falcons']"
419,8,Birds,Specific,0.0,"[['Chickens', 'Crows'], 'Turkeys']"
420,9,Birds,Specific,0.0,"[['Sparrows', 'Canaries'], 'Penguins']"
421,9,Birds,Specific,0.0,"[['Ostriches', 'Swans'], 'Blackbirds']"
422,9,Birds,Specific,0.0,"[['Penguins', 'Eagles'], 'Peacocks']"
423,9,Birds,Specific,0.0,"[['Peacocks', 'Sparrows'], 'Owls']"
424,9,Birds,Specific,0.0,"[['Crows', 'Canaries'], 'Vultures']"
425,9,Birds,Specific,0.0,"[['Doves', 'Vultures'], 'Herons']"
426,9,Birds,Specific,0.0,"[['Swallows', 'Owls'], 'Magpies']"
427,9,Birds,Specific,0.0,"[['Turkeys', 'Herons'], 'Ducks']"
428,9,Birds,Specific,0.0,"[['Turkeys', 'Eagles'], 'Vultures']"
429,9,Birds,Specific,0.0,"[['Sparrows', 'Chickens'], 'Roosters']"
430,0,Mammals,Specific,0.0,"[['Lions', 'Elephants'], 'Squirrels']"
431,0,Mammals,Specific,0.0,"[['Lions', 'Rhinos'], 'Squirrels']"
432,0,Mammals,Specific,0.0,"[['Bats', 'Camels'], 'Cats']"
433,0,Mammals,Specific,0.0,"[['Pigs', 'Elephants'], 'Donkeys']"
434,0,Mammals,Specific,0.0,"[['Llamas', 'Dogs'], 'Pigs']"
435,0,Mammals,Specific,0.0,"[['Cats', 'Zebras'], 'Squirrels']"
436,0,Mammals,Specific,0.0,"[['Bats', 'Sheep'], 'Llamas']"
437,0,Mammals,Specific,0.0,"[['Llamas', 'Rhinos'], 'Elephants']"
438,0,Mammals,Specific,0.0,"[['Llamas', 'Dogs'], 'Donkeys']"
439,0,Mammals,Specific,0.0,"[['Llamas', 'Rhinos'], 'Camels']"
440,1,Mammals,Specific,0.0,"[['Rhinos', 'Elephants'], 'Bats']"
441,1,Mammals,Specific,0.0,"[['Donkeys', 'Elephants'], 'Squirrels']"
442,1,Mammals,Specific,0.0,"[['Camels', 'Elephants'], 'Pigs']"
443,1,Mammals,Specific,0.0,"[['Squirrels', 'Rhinos'], 'Dogs']"
444,1,Mammals,Specific,0.0,"[['Sheep', 'Cows'], 'Camels']"
445,1,Mammals,Specific,0.0,"[['Pigs', 'Dogs'], 'Sheep']"
446,1,Mammals,Specific,0.0,"[['Dogs', 'Rhinos'], 'Elephants']"
447,1,Mammals,Specific,0.0,"[['Squirrels', 'Cows'], 'Zebras']"
448,1,Mammals,Specific,0.0,"[['Cats', 'Llamas'], 'Donkeys']"
449,1,Mammals,Specific,0.0,"[['Cats', 'Camels'], 'Llamas']"
450,2,Mammals,Specific,0.0,"[['Rhinos', 'Elephants'], 'Squirrels']"
451,2,Mammals,Specific,0.0,"[['Lions', 'Camels'], 'Squirrels']"
452,2,Mammals,Specific,0.0,"[['Pigs', 'Cows'], 'Cats']"
453,2,Mammals,Specific,0.0,"[['Elephants', 'Cats'], 'Bats']"
454,2,Mammals,Specific,0.0,"[['Elephants', 'Dogs'], 'Zebras']"
455,2,Mammals,Specific,0.0,"[['Llamas', 'Lions'], 'Elephants']"
456,2,Mammals,Specific,0.0,"[['Zebras', 'Bats'], 'Rhinos']"
457,2,Mammals,Specific,0.0,"[['Bats', 'Llamas'], 'Zebras']"
458,2,Mammals,Specific,0.0,"[['Cats', 'Lions'], 'Dogs']"
459,2,Mammals,Specific,0.0,"[['Llamas', 'Pigs'], 'Camels']"
460,3,Mammals,Specific,0.0,"[['Bats', 'Squirrels'], 'Zebras']"
461,3,Mammals,Specific,0.0,"[['Elephants', 'Bats'], 'Sheep']"
462,3,Mammals,Specific,0.0,"[['Sheep', 'Zebras'], 'Bats']"
463,3,Mammals,Specific,0.0,"[['Camels', 'Dogs'], 'Squirrels']"
464,3,Mammals,Specific,0.0,"[['Cats', 'Lions'], 'Donkeys']"
465,3,Mammals,Specific,0.0,"[['Camels', 'Rhinos'], 'Cows']"
466,3,Mammals,Specific,0.0,"[['Cats', 'Cows'], 'Sheep']"
467,3,Mammals,Specific,0.0,"[['Pigs', 'Donkeys'], 'Llamas']"
468,3,Mammals,Specific,0.0,"[['Llamas', 'Cats'], 'Sheep']"
469,3,Mammals,Specific,0.0,"[['Zebras', 'Rhinos'], 'Donkeys']"
470,4,Mammals,Specific,0.0,"[['Bats', 'Cats'], 'Rhinos']"
471,4,Mammals,Specific,0.0,"[['Pigs', 'Bats'], 'Lions']"
472,4,Mammals,Specific,0.0,"[['Dogs', 'Pigs'], 'Camels']"
473,4,Mammals,Specific,0.0,"[['Elephants', 'Zebras'], 'Sheep']"
474,4,Mammals,Specific,0.0,"[['Zebras', 'Lions'], 'Sheep']"
475,4,Mammals,Specific,0.0,"[['Lions', 'Camels'], 'Zebras']"
476,4,Mammals,Specific,0.0,"[['Donkeys', 'Sheep'], 'Pigs']"
477,4,Mammals,Specific,0.0,"[['Lions', 'Zebras'], 'Llamas']"
478,4,Mammals,Specific,0.0,"[['Lions', 'Camels'], 'Cats']"
479,4,Mammals,Specific,0.0,"[['Zebras', 'Bats'], 'Donkeys']"
480,5,Mammals,Specific,0.0,"[['Cows', 'Llamas'], 'Bats']"
481,5,Mammals,Specific,0.0,"[['Dogs', 'Bats'], 'Cows']"
482,5,Mammals,Specific,0.0,"[['Elephants', 'Dogs'], 'Squirrels']"
483,5,Mammals,Specific,0.0,"[['Dogs', 'Pigs'], 'Donkeys']"
484,5,Mammals,Specific,0.0,"[['Cats', 'Lions'], 'Sheep']"
485,5,Mammals,Specific,0.0,"[['Cows', 'Dogs'], 'Rhinos']"
486,5,Mammals,Specific,0.0,"[['Camels', 'Rhinos'], 'Elephants']"
487,5,Mammals,Specific,0.0,"[['Cows', 'Sheep'], 'Donkeys']"
488,5,Mammals,Specific,0.0,"[['Dogs', 'Rhinos'], 'Cats']"
489,5,Mammals,Specific,0.0,"[['Cats', 'Zebras'], 'Dogs']"
490,6,Mammals,Specific,0.0,"[['Squirrels', 'Bats'], 'Lions']"
491,6,Mammals,Specific,0.0,"[['Lions', 'Camels'], 'Squirrels']"
492,6,Mammals,Specific,0.0,"[['Camels', 'Elephants'], 'Pigs']"
493,6,Mammals,Specific,0.0,"[['Rhinos', 'Squirrels'], 'Sheep']"
494,6,Mammals,Specific,0.0,"[['Cats', 'Lions'], 'Donkeys']"
495,6,Mammals,Specific,0.0,"[['Camels', 'Rhinos'], 'Cows']"
496,6,Mammals,Specific,0.0,"[['Zebras', 'Camels'], 'Cows']"
497,6,Mammals,Specific,0.0,"[['Cows', 'Sheep'], 'Donkeys']"
498,6,Mammals,Specific,0.0,"[['Llamas', 'Dogs'], 'Donkeys']"
499,6,Mammals,Specific,0.0,"[['Camels', 'Squirrels'], 'Llamas']"
500,0,Mammals,Specific,1.0,"[['chimp', 'gorilla'], 'horse']"
501,0,Mammals,Specific,1.0,"[['mouse', 'dolphin'], 'horse']"
502,0,Mammals,Specific,1.0,"[['gorilla', 'seal'], 'horse']"
503,0,Mammals,Specific,1.0,"[['chimp', 'mouse'], 'horse']"
504,0,Mammals,Specific,1.0,"[['seal', 'elephant'], 'horse']"
505,0,Mammals,Specific,1.0,"[['mouse', 'elephant'], 'horse']"
506,0,Mammals,Specific,1.0,"[['chimp', 'elephant'], 'horse']"
507,0,Mammals,Specific,1.0,"[['mouse', 'rhino'], 'horse']"
508,0,Mammals,Specific,1.0,"[['cow', 'dolphin'], 'horse']"
509,0,Mammals,Specific,1.0,"[['cow', 'gorilla'], 'horse']"
510,1,Mammals,Specific,1.0,"[['mouse', 'seal'], 'horse']"
511,1,Mammals,Specific,1.0,"[['gorilla', 'dolphin'], 'horse']"
512,1,Mammals,Specific,1.0,"[['chimp', 'squirrel'], 'horse']"
513,1,Mammals,Specific,1.0,"[['gorilla', 'squirrel'], 'horse']"
514,1,Mammals,Specific,1.0,"[['dolphin', 'rhino'], 'horse']"
515,1,Mammals,Specific,1.0,"[['elephant', 'rhino'], 'horse']"
516,1,Mammals,Specific,1.0,"[['gorilla', 'elephant'], 'horse']"
517,1,Mammals,Specific,1.0,"[['cow', 'squirrel'], 'horse']"
518,1,Mammals,Specific,1.0,"[['cow', 'mouse'], 'horse']"
519,1,Mammals,Specific,1.0,"[['cow', 'elephant'], 'horse']"
520,2,Mammals,Specific,1.0,"[['mouse', 'squirrel'], 'horse']"
521,2,Mammals,Specific,1.0,"[['squirrel', 'seal'], 'horse']"
522,2,Mammals,Specific,1.0,"[['chimp', 'dolphin'], 'horse']"
523,2,Mammals,Specific,1.0,"[['chimp', 'seal'], 'horse']"
524,2,Mammals,Specific,1.0,"[['squirrel', 'elephant'], 'horse']"
525,2,Mammals,Specific,1.0,"[['seal', 'rhino'], 'horse']"
526,2,Mammals,Specific,1.0,"[['squirrel', 'rhino'], 'horse']"
527,2,Mammals,Specific,1.0,"[['chimp', 'rhino'], 'horse']"
528,2,Mammals,Specific,1.0,"[['cow', 'seal'], 'horse']"
529,2,Mammals,Specific,1.0,"[['cow', 'rhino'], 'horse']"
530,3,Mammals,Specific,1.0,"[['dolphin', 'seal'], 'horse']"
531,3,Mammals,Specific,1.0,"[['squirrel', 'dolphin'], 'horse']"
532,3,Mammals,Specific,1.0,"[['gorilla', 'seal'], 'horse']"
533,3,Mammals,Specific,1.0,"[['gorilla', 'mouse'], 'horse']"
534,3,Mammals,Specific,1.0,"[['dolphin', 'elephant'], 'horse']"
535,3,Mammals,Specific,1.0,"[['elephant', 'rhino'], 'horse']"
536,3,Mammals,Specific,1.0,"[['squirrel', 'rhino'], 'horse']"
537,3,Mammals,Specific,1.0,"[['gorilla', 'rhino'], 'horse']"
538,3,Mammals,Specific,1.0,"[['cow', 'dolphin'], 'horse']"
539,3,Mammals,Specific,1.0,"[['cow', 'chimp'], 'horse']"
540,0,Vehicles,Specific,0.0,"[['Boats', 'Hovercraft'], 'Skateboards']"
541,0,Vehicles,Specific,0.0,"[['Zeppelins', 'Airplanes'], 'Jeeps']"
542,0,Vehicles,Specific,0.0,"[['Cars', 'Carriages'], 'Hovercraft']"
543,0,Vehicles,Specific,0.0,"[['Sleds', 'Carts'], 'Taxis']"
544,0,Vehicles,Specific,0.0,"[['Zeppelins', 'Cars'], 'Trains']"
545,0,Vehicles,Specific,0.0,"[['Vans', 'Sleds'], 'Taxis']"
546,0,Vehicles,Specific,0.0,"[['Buses', 'Submarines'], 'Cars']"
547,0,Vehicles,Specific,0.0,"[['Helicopters', 'Trams'], 'Airplanes']"
548,0,Vehicles,Specific,0.0,"[['Trams', 'Carriages'], 'Trains']"
549,0,Vehicles,Specific,0.0,"[['Submarines', 'Mopeds'], 'Motorbikes']"
550,1,Vehicles,Specific,0.0,"[['Mopeds', 'Motorbikes'], 'Submarines']"
551,1,Vehicles,Specific,0.0,"[['Helicopters', 'Mopeds'], 'Boats']"
552,1,Vehicles,Specific,0.0,"[['Submarines', 'Mopeds'], 'Skateboards']"
553,1,Vehicles,Specific,0.0,"[['Trains', 'Trucks'], 'Zeppelins']"
554,1,Vehicles,Specific,0.0,"[['Trams', 'Vans'], 'Carriages']"
555,1,Vehicles,Specific,0.0,"[['Carriages', 'Trucks'], 'Trains']"
556,1,Vehicles,Specific,0.0,"[['Boats', 'Mopeds'], 'Bicycles']"
557,1,Vehicles,Specific,0.0,"[['Carts', 'Trams'], 'Carriages']"
558,1,Vehicles,Specific,0.0,"[['Cars', 'Boats'], 'Hovercraft']"
559,1,Vehicles,Specific,0.0,"[['Jeeps', 'Cars'], 'Taxis']"
560,2,Vehicles,Specific,0.0,"[['Hovercraft', 'Zeppelins'], 'Carts']"
561,2,Vehicles,Specific,0.0,"[['Zeppelins', 'Hovercraft'], 'Cars']"
562,2,Vehicles,Specific,0.0,"[['Rockets', 'Trains'], 'Submarines']"
563,2,Vehicles,Specific,0.0,"[['Caravans', 'Helicopters'], 'Boats']"
564,2,Vehicles,Specific,0.0,"[['Jeeps', 'Helicopters'], 'Buses']"
565,2,Vehicles,Specific,0.0,"[['Taxis', 'Tractors'], 'Buses']"
566,2,Vehicles,Specific,0.0,"[['Mopeds', 'Trucks'], 'Caravans']"
567,2,Vehicles,Specific,0.0,"[['Buses', 'Airplanes'], 'Trams']"
568,2,Vehicles,Specific,0.0,"[['Buses', 'Vans'], 'Trucks']"
569,2,Vehicles,Specific,0.0,"[['Mopeds', 'Jeeps'], 'Motorbikes']"
570,3,Vehicles,Specific,0.0,"[['Hovercraft', 'Submarines'], 'Carts']"
571,3,Vehicles,Specific,0.0,"[['Skateboards', 'Hovercraft'], 'Caravans']"
572,3,Vehicles,Specific,0.0,"[['Trams', 'Boats'], 'Helicopters']"
573,3,Vehicles,Specific,0.0,"[['Trains', 'Jeeps'], 'Bicycles']"
574,3,Vehicles,Specific,0.0,"[['Sleds', 'Tractors'], 'Carriages']"
575,3,Vehicles,Specific,0.0,"[['Taxis', 'Jeeps'], 'Buses']"
576,3,Vehicles,Specific,0.0,"[['Jeeps', 'Caravans'], 'Vans']"
577,3,Vehicles,Specific,0.0,"[['Carts', 'Helicopters'], 'Airplanes']"
578,3,Vehicles,Specific,0.0,"[['Hovercraft', 'Trucks'], 'Vans']"
579,3,Vehicles,Specific,0.0,"[['Buses', 'Jeeps'], 'Cars']"
580,4,Vehicles,Specific,0.0,"[['Skateboards', 'Motorbikes'], 'Zeppelins']"
581,4,Vehicles,Specific,0.0,"[['Submarines', 'Trains'], 'Mopeds']"
582,4,Vehicles,Specific,0.0,"[['Taxis', 'Vans'], 'Skateboards']"
583,4,Vehicles,Specific,0.0,"[['Carriages', 'Helicopters'], 'Motorbikes']"
584,4,Vehicles,Specific,0.0,"[['Carts', 'Bicycles'], 'Vans']"
585,4,Vehicles,Specific,0.0,"[['Trains', 'Helicopters'], 'Zeppelins']"
586,4,Vehicles,Specific,0.0,"[['Buses', 'Boats'], 'Cars']"
587,4,Vehicles,Specific,0.0,"[['Trams', 'Bicycles'], 'Motorbikes']"
588,4,Vehicles,Specific,0.0,"[['Trams', 'Boats'], 'Trains']"
589,4,Vehicles,Specific,0.0,"[['Carriages', 'Motorbikes'], 'Mopeds']"
590,5,Vehicles,Specific,0.0,"[['Zeppelins', 'Submarines'], 'Skateboards']"
591,5,Vehicles,Specific,0.0,"[['Bicycles', 'Sleds'], 'Airplanes']"
592,5,Vehicles,Specific,0.0,"[['Carts', 'Sleds'], 'Trams']"
593,5,Vehicles,Specific,0.0,"[['Bicycles', 'Hovercraft'], 'Carriages']"
594,5,Vehicles,Specific,0.0,"[['Tractors', 'Carriages'], 'Trains']"
595,5,Vehicles,Specific,0.0,"[['Hovercraft', 'Trucks'], 'Submarines']"
596,5,Vehicles,Specific,0.0,"[['Taxis', 'Vans'], 'Buses']"
597,5,Vehicles,Specific,0.0,"[['Buses', 'Submarines'], 'Trams']"
598,5,Vehicles,Specific,0.0,"[['Carriages', 'Trucks'], 'Vans']"
599,5,Vehicles,Specific,0.0,"[['Cars', 'Skateboards'], 'Jeeps']"
600,6,Vehicles,Specific,0.0,"[['Rockets', 'Skateboards'], 'Trucks']"
601,6,Vehicles,Specific,0.0,"[['Airplanes', 'Tractors'], 'Skateboards']"
602,6,Vehicles,Specific,0.0,"[['Jeeps', 'Trucks'], 'Hovercraft']"
603,6,Vehicles,Specific,0.0,"[['Zeppelins', 'Caravans'], 'Rockets']"
604,6,Vehicles,Specific,0.0,"[['Caravans', 'Trucks'], 'Taxis']"
605,6,Vehicles,Specific,0.0,"[['Airplanes', 'Sleds'], 'Carts']"
606,6,Vehicles,Specific,0.0,"[['Trains', 'Buses'], 'Trucks']"
607,6,Vehicles,Specific,0.0,"[['Trains', 'Hovercraft'], 'Boats']"
608,6,Vehicles,Specific,0.0,"[['Bicycles', 'Motorbikes'], 'Mopeds']"
609,6,Vehicles,Specific,0.0,"[['Airplanes', 'Trucks'], 'Vans']"
610,7,Vehicles,Specific,0.0,"[['Skateboards', 'Sleds'], 'Vans']"
611,7,Vehicles,Specific,0.0,"[['Zeppelins', 'Trains'], 'Skateboards']"
612,7,Vehicles,Specific,0.0,"[['Trucks', 'Rockets'], 'Sleds']"
613,7,Vehicles,Specific,0.0,"[['Boats', 'Trucks'], 'Mopeds']"
614,7,Vehicles,Specific,0.0,"[['Trains', 'Mopeds'], 'Taxis']"
615,7,Vehicles,Specific,0.0,"[['Jeeps', 'Helicopters'], 'Zeppelins']"
616,7,Vehicles,Specific,0.0,"[['Motorbikes', 'Submarines'], 'Bicycles']"
617,7,Vehicles,Specific,0.0,"[['Cars', 'Carts'], 'Vans']"
618,7,Vehicles,Specific,0.0,"[['Jeeps', 'Trams'], 'Cars']"
619,7,Vehicles,Specific,0.0,"[['Motorbikes', 'Cars'], 'Mopeds']"
620,8,Vehicles,Specific,0.0,"[['Rockets', 'Helicopters'], 'Taxis']"
621,8,Vehicles,Specific,0.0,"[['Taxis', 'Caravans'], 'Rockets']"
622,8,Vehicles,Specific,0.0,"[['Jeeps', 'Caravans'], 'Submarines']"
623,8,Vehicles,Specific,0.0,"[['Bicycles', 'Boats'], 'Trucks']"
624,8,Vehicles,Specific,0.0,"[['Vans', 'Zeppelins'], 'Mopeds']"
625,8,Vehicles,Specific,0.0,"[['Carriages', 'Taxis'], 'Buses']"
626,8,Vehicles,Specific,0.0,"[['Bicycles', 'Boats'], 'Submarines']"
627,8,Vehicles,Specific,0.0,"[['Buses', 'Zeppelins'], 'Trams']"
628,8,Vehicles,Specific,0.0,"[['Vans', 'Carts'], 'Carriages']"
629,8,Vehicles,Specific,0.0,"[['Cars', 'Submarines'], 'Taxis']"
630,9,Vehicles,Specific,0.0,"[['Rockets', 'Helicopters'], 'Mopeds']"
631,9,Vehicles,Specific,0.0,"[['Airplanes', 'Helicopters'], 'Cars']"
632,9,Vehicles,Specific,0.0,"[['Sleds', 'Taxis'], 'Helicopters']"
633,9,Vehicles,Specific,0.0,"[['Sleds', 'Jeeps'], 'Caravans']"
634,9,Vehicles,Specific,0.0,"[['Carriages', 'Zeppelins'], 'Buses']"
635,9,Vehicles,Specific,0.0,"[['Vans', 'Hovercraft'], 'Taxis']"
636,9,Vehicles,Specific,0.0,"[['Trams', 'Zeppelins'], 'Buses']"
637,9,Vehicles,Specific,0.0,"[['Hovercraft', 'Caravans'], 'Boats']"
638,9,Vehicles,Specific,0.0,"[['Trams', 'Submarines'], 'Trains']"
639,9,Vehicles,Specific,0.0,"[['Cars', 'Carriages'], 'Jeeps']"
