,domain,argtype,premises,conclusion,scm,is_osherson,human_rating
25,Birds,General,"('Robins', 'Canaries')",Birds,9.468137254901961,0.0,
50,Birds,General,"('Robins', 'Sparrows')",Birds,9.642156862745098,0.0,
20,Birds,General,"('Pelicans', 'Ostriches')",Birds,9.676470588235295,0.0,
86,Birds,General,"('Ostriches', 'Storks')",Birds,9.681372549019608,0.0,
5,Birds,General,"('Vultures', 'Eagles')",Birds,9.70343137254902,0.0,
39,Birds,General,"('Storks', 'Pelicans')",Birds,9.730392156862743,0.0,
81,Birds,General,"('Sparrows', 'Canaries')",Birds,9.821078431372548,0.0,
35,Birds,General,"('Swans', 'Ostriches')",Birds,9.843137254901961,0.0,
87,Birds,General,"('Pelicans', 'Swans')",Birds,9.862745098039214,0.0,
98,Birds,General,"('Ostriches', 'Eagles')",Birds,9.958333333333334,0.0,
10,Birds,General,"('Peacocks', 'Ostriches')",Birds,9.977941176470589,0.0,
18,Birds,General,"('Ostriches', 'Vultures')",Birds,9.977941176470589,0.0,
63,Birds,General,"('Falcons', 'Eagles')",Birds,9.987745098039216,0.0,
66,Birds,General,"('Ducks', 'Swans')",Birds,10.009803921568627,0.0,
70,Birds,General,"('Robins', 'Blackbirds')",Birds,10.009803921568627,0.0,
44,Birds,General,"('Chickens', 'Roosters')",Birds,10.031862745098039,0.0,
38,Birds,General,"('Swans', 'Storks')",Birds,10.07843137254902,0.0,
73,Birds,General,"('Parrots', 'Canaries')",Birds,10.095588235294118,0.0,
41,Birds,General,"('Canaries', 'Blackbirds')",Birds,10.122549019607844,0.0,
24,Birds,General,"('Blackbirds', 'Sparrows')",Birds,10.137254901960784,0.0,
21,Birds,General,"('Vultures', 'Falcons')",Birds,10.156862745098039,0.0,
2,Birds,General,"('Roosters', 'Peacocks')",Birds,10.159313725490197,0.0,
53,Birds,General,"('Ostriches', 'Ducks')",Birds,10.237745098039214,0.0,
61,Birds,General,"('Peacocks', 'Parrots')",Birds,10.269607843137253,0.0,
80,Birds,General,"('Ducks', 'Roosters')",Birds,10.29656862745098,0.0,
67,Birds,General,"('Turkeys', 'Roosters')",Birds,10.301470588235295,0.0,
6,Birds,General,"('Ducks', 'Turkeys')",Birds,10.316176470588236,0.0,
59,Birds,General,"('Robins', 'Parrots')",Birds,10.352941176470587,0.0,
17,Birds,General,"('Ostriches', 'Turkeys')",Birds,10.357843137254903,0.0,
3,Birds,General,"('Ducks', 'Chickens')",Birds,10.41421568627451,0.0,
14,Birds,General,"('Parrots', 'Eagles')",Birds,10.41421568627451,0.0,
79,Birds,General,"('Herons', 'Ostriches')",Birds,10.455882352941176,0.0,
4,Birds,General,"('Pelicans', 'Ducks')",Birds,10.458333333333334,0.0,
34,Birds,General,"('Storks', 'Peacocks')",Birds,10.468137254901961,0.0,
72,Birds,General,"('Falcons', 'Ostriches')",Birds,10.519607843137255,0.0,
16,Birds,General,"('Sparrows', 'Parrots')",Birds,10.519607843137257,0.0,
36,Birds,General,"('Magpies', 'Woodpeckers')",Birds,10.553921568627452,0.0,
74,Birds,General,"('Seagulls', 'Ostriches')",Birds,10.553921568627452,0.0,
78,Birds,General,"('Eagles', 'Herons')",Birds,10.558823529411766,0.0,
46,Birds,General,"('Parrots', 'Falcons')",Birds,10.598039215686276,0.0,
92,Birds,General,"('Seagulls', 'Parrots')",Birds,10.61029411764706,0.0,
49,Birds,General,"('Blackbirds', 'Magpies')",Birds,10.622549019607844,0.0,
52,Birds,General,"('Roosters', 'Swans')",Birds,10.654411764705882,0.0,
7,Birds,General,"('Woodpeckers', 'Robins')",Birds,10.713235294117647,0.0,
26,Birds,General,"('Parrots', 'Crows')",Birds,10.715686274509805,0.0,
82,Birds,General,"('Crows', 'Eagles')",Birds,10.727941176470589,0.0,
62,Birds,General,"('Ostriches', 'Crows')",Birds,10.730392156862743,0.0,
83,Birds,General,"('Parrots', 'Swallows')",Birds,10.752450980392156,0.0,
23,Birds,General,"('Ducks', 'Canaries')",Birds,10.754901960784311,0.0,
0,Birds,General,"('Seagulls', 'Pelicans')",Birds,10.78921568627451,0.0,
64,Birds,General,"('Woodpeckers', 'Sparrows')",Birds,10.791666666666666,0.0,
68,Birds,General,"('Crows', 'Canaries')",Birds,10.872549019607844,0.0,
71,Birds,General,"('Falcons', 'Peacocks')",Birds,10.904411764705884,0.0,
55,Birds,General,"('Falcons', 'Storks')",Birds,10.92156862745098,0.0,
12,Birds,General,"('Storks', 'Turkeys')",Birds,10.924019607843137,0.0,
33,Birds,General,"('Falcons', 'Swallows')",Birds,10.936274509803923,0.0,
40,Birds,General,"('Blackbirds', 'Seagulls')",Birds,10.936274509803923,0.0,
29,Birds,General,"('Robins', 'Swans')",Birds,10.948529411764705,0.0,
97,Birds,General,"('Sparrows', 'Roosters')",Birds,10.965686274509805,0.0,
58,Birds,General,"('Sparrows', 'Crows')",Birds,11.012254901960786,0.0,
75,Birds,General,"('Crows', 'Peacocks')",Birds,11.04411764705882,0.0,
27,Birds,General,"('Pelicans', 'Chickens')",Birds,11.063725490196077,0.0,
65,Birds,General,"('Sparrows', 'Falcons')",Birds,11.07107843137255,0.0,
11,Birds,General,"('Swallows', 'Vultures')",Birds,11.095588235294116,0.0,
37,Birds,General,"('Peacocks', 'Woodpeckers')",Birds,11.110294117647058,0.0,
43,Birds,General,"('Chickens', 'Robins')",Birds,11.11764705882353,0.0,
60,Birds,General,"('Doves', 'Peacocks')",Birds,11.125,0.0,
77,Birds,General,"('Crows', 'Herons')",Birds,11.127450980392156,0.0,
93,Birds,General,"('Ducks', 'Falcons')",Birds,11.129901960784315,0.0,
8,Birds,General,"('Robins', 'Storks')",Birds,11.139705882352942,0.0,
85,Birds,General,"('Pelicans', 'Swallows')",Birds,11.191176470588237,0.0,
88,Birds,General,"('Ostriches', 'Magpies')",Birds,11.247549019607844,0.0,
99,Birds,General,"('Pelicans', 'Sparrows')",Birds,11.284313725490195,0.0,
48,Birds,General,"('Doves', 'Swans')",Birds,11.291666666666666,0.0,
31,Birds,General,"('Doves', 'Pelicans')",Birds,11.294117647058826,0.0,
57,Birds,General,"('Chickens', 'Doves')",Birds,11.301470588235295,0.0,
30,Birds,General,"('Turkeys', 'Robins')",Birds,11.313725490196077,0.0,
19,Birds,General,"('Peacocks', 'Blackbirds')",Birds,11.333333333333334,0.0,
32,Birds,General,"('Storks', 'Chickens')",Birds,11.333333333333334,0.0,
51,Birds,General,"('Blackbirds', 'Vultures')",Birds,11.357843137254903,0.0,
47,Birds,General,"('Roosters', 'Magpies')",Birds,11.42156862745098,0.0,
42,Birds,General,"('Turkeys', 'Doves')",Birds,11.458333333333334,0.0,
28,Birds,General,"('Falcons', 'Chickens')",Birds,11.49264705882353,0.0,
94,Birds,General,"('Vultures', 'Chickens')",Birds,11.497549019607844,0.0,
45,Birds,General,"('Sparrows', 'Turkeys')",Birds,11.531862745098039,0.0,
69,Birds,General,"('Pelicans', 'Magpies')",Birds,11.531862745098039,0.0,
1,Birds,General,"('Doves', 'Storks')",Birds,11.536764705882353,0.0,
13,Birds,General,"('Blackbirds', 'Chickens')",Birds,11.541666666666666,0.0,
9,Birds,General,"('Chickens', 'Woodpeckers')",Birds,11.57107843137255,0.0,
89,Birds,General,"('Chickens', 'Swallows')",Birds,11.593137254901961,0.0,
54,Birds,General,"('Crows', 'Turkeys')",Birds,11.620098039215685,0.0,
96,Birds,General,"('Crows', 'Chickens')",Birds,11.620098039215685,0.0,
22,Birds,General,"('Magpies', 'Storks')",Birds,11.632352941176471,0.0,
76,Birds,General,"('Turkeys', 'Swallows')",Birds,11.661764705882353,0.0,
95,Birds,General,"('Doves', 'Herons')",Birds,11.688725490196077,0.0,
15,Birds,General,"('Woodpeckers', 'Turkeys')",Birds,11.705882352941176,0.0,
56,Birds,General,"('Turkeys', 'Blackbirds')",Birds,11.727941176470589,0.0,
91,Birds,General,"('Chickens', 'Herons')",Birds,11.821078431372548,0.0,
90,Birds,General,"('Chickens', 'Magpies')",Birds,11.884803921568627,0.0,
84,Birds,General,"('Magpies', 'Turkeys')",Birds,12.004901960784315,0.0,
163,Birds,Specific,"('Ostriches', 'Pelicans')",Sparrows,7.808823529411765,0.0,
162,Birds,Specific,"('Storks', 'Pelicans')",Sparrows,7.8357843137254894,0.0,
137,Birds,Specific,"('Canaries', 'Blackbirds')",Ostriches,7.855392156862745,0.0,
103,Birds,Specific,"('Canaries', 'Sparrows')",Storks,7.939950980392156,0.0,
123,Birds,Specific,"('Swans', 'Ostriches')",Magpies,8.245098039215687,0.0,
169,Birds,Specific,"('Ostriches', 'Swans')",Sparrows,8.27450980392157,0.0,
181,Birds,Specific,"('Blackbirds', 'Robins')",Herons,8.32843137254902,0.0,
112,Birds,Specific,"('Ducks', 'Chickens')",Vultures,8.354166666666666,0.0,
111,Birds,Specific,"('Swans', 'Ostriches')",Robins,8.362745098039216,0.0,
108,Birds,Specific,"('Swans', 'Pelicans')",Blackbirds,8.372549019607842,0.0,
114,Birds,Specific,"('Woodpeckers', 'Vultures')",Ducks,8.577205882352942,0.0,
174,Birds,Specific,"('Canaries', 'Sparrows')",Herons,8.792892156862745,0.0,
110,Birds,Specific,"('Roosters', 'Parrots')",Sparrows,8.841911764705882,0.0,
130,Birds,Specific,"('Swallows', 'Robins')",Ostriches,8.906862745098039,0.0,
109,Birds,Specific,"('Blackbirds', 'Doves')",Pelicans,8.95220588235294,0.0,
146,Birds,Specific,"('Blackbirds', 'Woodpeckers')",Swans,8.971813725490197,0.0,
105,Birds,Specific,"('Swans', 'Peacocks')",Canaries,8.987745098039216,0.0,
167,Birds,Specific,"('Roosters', 'Canaries')",Swans,9.007352941176471,0.0,
193,Birds,Specific,"('Eagles', 'Blackbirds')",Swans,9.066176470588236,0.0,
192,Birds,Specific,"('Pelicans', 'Peacocks')",Crows,9.112745098039216,0.0,
158,Birds,Specific,"('Vultures', 'Crows')",Canaries,9.175245098039216,0.0,
107,Birds,Specific,"('Eagles', 'Pelicans')",Doves,9.186274509803923,0.0,
113,Birds,Specific,"('Roosters', 'Turkeys')",Crows,9.415441176470589,0.0,
155,Birds,Specific,"('Roosters', 'Chickens')",Swans,9.457107843137255,0.0,
101,Birds,Specific,"('Roosters', 'Doves')",Eagles,9.468137254901961,0.0,
171,Birds,Specific,"('Chickens', 'Canaries')",Falcons,9.571078431372548,0.0,
152,Birds,Specific,"('Woodpeckers', 'Seagulls')",Peacocks,9.611519607843137,0.0,
194,Birds,Specific,"('Parrots', 'Crows')",Robins,9.681372549019608,0.0,
184,Birds,Specific,"('Falcons', 'Peacocks')",Blackbirds,9.775735294117649,0.0,
148,Birds,Specific,"('Crows', 'Parrots')",Pelicans,9.799019607843139,0.0,
102,Birds,Specific,"('Storks', 'Roosters')",Falcons,9.882352941176471,0.0,
172,Birds,Specific,"('Crows', 'Magpies')",Parrots,9.942401960784313,0.0,
198,Birds,Specific,"('Falcons', 'Ducks')",Peacocks,9.97671568627451,0.0,
129,Birds,Specific,"('Crows', 'Robins')",Parrots,10.07843137254902,0.0,
183,Birds,Specific,"('Magpies', 'Ostriches')",Parrots,10.123774509803923,0.0,
147,Birds,Specific,"('Storks', 'Sparrows')",Vultures,10.133578431372548,0.0,
145,Birds,Specific,"('Doves', 'Roosters')",Canaries,10.144607843137255,0.0,
179,Birds,Specific,"('Woodpeckers', 'Robins')",Seagulls,10.180147058823529,0.0,
185,Birds,Specific,"('Doves', 'Blackbirds')",Peacocks,10.1875,0.0,
176,Birds,Specific,"('Seagulls', 'Woodpeckers')",Herons,10.493872549019606,0.0,
190,Birds,Specific,"('Turkeys', 'Canaries')",Doves,10.549019607843137,0.0,
197,Birds,Specific,"('Magpies', 'Peacocks')",Herons,10.604166666666668,0.0,
164,Birds,Specific,"('Magpies', 'Turkeys')",Falcons,10.620098039215687,0.0,
116,Birds,Specific,"('Ducks', 'Swallows')",Pelicans,10.698529411764707,0.0,
143,Birds,Specific,"('Herons', 'Parrots')",Woodpeckers,10.810049019607844,0.0,
170,Birds,Specific,"('Swans', 'Swallows')",Crows,10.827205882352942,0.0,
156,Birds,Specific,"('Turkeys', 'Swans')",Herons,10.843137254901961,0.0,
168,Birds,Specific,"('Robins', 'Seagulls')",Magpies,10.895833333333332,0.0,
186,Birds,Specific,"('Turkeys', 'Doves')",Woodpeckers,11.02328431372549,0.0,
188,Birds,Specific,"('Seagulls', 'Swallows')",Blackbirds,11.182598039215687,0.0,
117,Birds,Specific,"('Herons', 'Falcons')",Pelicans,11.232843137254902,0.0,
141,Birds,Specific,"('Doves', 'Storks')",Swallows,11.238970588235293,0.0,
166,Birds,Specific,"('Turkeys', 'Swallows')",Ostriches,11.301470588235293,0.0,
191,Birds,Specific,"('Peacocks', 'Herons')",Eagles,11.372549019607842,0.0,
161,Birds,Specific,"('Ducks', 'Peacocks')",Chickens,11.393382352941178,0.0,
122,Birds,Specific,"('Swans', 'Swallows')",Storks,11.474264705882353,0.0,
118,Birds,Specific,"('Ducks', 'Herons')",Vultures,11.475490196078432,0.0,
127,Birds,Specific,"('Herons', 'Canaries')",Eagles,11.526960784313726,0.0,
104,Birds,Specific,"('Crows', 'Eagles')",Woodpeckers,11.6875,0.0,
120,Birds,Specific,"('Doves', 'Vultures')",Blackbirds,11.770833333333332,0.0,
199,Birds,Specific,"('Canaries', 'Swallows')",Robins,11.825980392156865,0.0,
154,Birds,Specific,"('Doves', 'Seagulls')",Swallows,11.878676470588236,0.0,
151,Birds,Specific,"('Woodpeckers', 'Roosters')",Swallows,11.887254901960784,0.0,
173,Birds,Specific,"('Canaries', 'Magpies')",Swallows,11.933823529411764,0.0,
100,Birds,Specific,"('Sparrows', 'Seagulls')",Doves,11.948529411764707,0.0,
121,Birds,Specific,"('Woodpeckers', 'Falcons')",Magpies,12.03921568627451,0.0,
187,Birds,Specific,"('Falcons', 'Pelicans')",Vultures,12.120098039215687,0.0,
106,Birds,Specific,"('Storks', 'Woodpeckers')",Magpies,12.253676470588236,0.0,
125,Birds,Specific,"('Storks', 'Parrots')",Pelicans,12.308823529411764,0.0,
134,Birds,Specific,"('Sparrows', 'Falcons')",Canaries,12.35906862745098,0.0,
196,Birds,Specific,"('Falcons', 'Turkeys')",Vultures,12.370098039215687,0.0,
139,Birds,Specific,"('Robins', 'Storks')",Pelicans,12.569852941176471,0.0,
140,Birds,Specific,"('Magpies', 'Turkeys')",Woodpeckers,12.620098039215687,0.0,
153,Birds,Specific,"('Crows', 'Ostriches')",Magpies,12.806372549019606,0.0,
138,Birds,Specific,"('Storks', 'Ducks')",Herons,12.852941176470587,0.0,
159,Birds,Specific,"('Swans', 'Eagles')",Ducks,12.935049019607842,0.0,
165,Birds,Specific,"('Eagles', 'Crows')",Falcons,13.011029411764707,0.0,
136,Birds,Specific,"('Seagulls', 'Falcons')",Eagles,13.029411764705884,0.0,
131,Birds,Specific,"('Storks', 'Robins')",Herons,13.069852941176471,0.0,
157,Birds,Specific,"('Swallows', 'Storks')",Herons,13.125,0.0,
119,Birds,Specific,"('Sparrows', 'Swallows')",Robins,13.136029411764707,0.0,
132,Birds,Specific,"('Eagles', 'Ducks')",Falcons,13.136029411764707,0.0,
144,Birds,Specific,"('Robins', 'Pelicans')",Sparrows,13.251225490196077,0.0,
178,Birds,Specific,"('Eagles', 'Sparrows')",Robins,13.264705882352942,0.0,
189,Birds,Specific,"('Magpies', 'Herons')",Crows,13.301470588235293,0.0,
133,Birds,Specific,"('Blackbirds', 'Swans')",Ducks,13.323529411764707,0.0,
175,Birds,Specific,"('Swans', 'Woodpeckers')",Ducks,13.324754901960784,0.0,
149,Birds,Specific,"('Magpies', 'Chickens')",Crows,13.383578431372548,0.0,
150,Birds,Specific,"('Robins', 'Turkeys')",Sparrows,13.392156862745097,0.0,
195,Birds,Specific,"('Robins', 'Herons')",Sparrows,13.459558823529411,0.0,
177,Birds,Specific,"('Roosters', 'Peacocks')",Chickens,13.785539215686274,0.0,
142,Birds,Specific,"('Roosters', 'Ostriches')",Chickens,13.85171568627451,0.0,
135,Birds,Specific,"('Sparrows', 'Turkeys')",Chickens,13.942401960784313,0.0,
124,Birds,Specific,"('Blackbirds', 'Chickens')",Turkeys,13.947303921568626,0.0,
128,Birds,Specific,"('Crows', 'Turkeys')",Chickens,13.986519607843135,0.0,
126,Birds,Specific,"('Magpies', 'Chickens')",Turkeys,14.118872549019606,0.0,
182,Birds,Specific,"('Seagulls', 'Roosters')",Chickens,14.238970588235293,0.0,
115,Birds,Specific,"('Roosters', 'Crows')",Chickens,14.286764705882351,0.0,
180,Birds,Specific,"('Chickens', 'Doves')",Roosters,14.356617647058822,0.0,
160,Birds,Specific,"('Vultures', 'Chickens')",Roosters,14.454656862745097,0.0,
298,Mammals,General,"('Mice', 'Hedgehogs')",Mammals,7.907894736842105,0.0,
233,Mammals,General,"('Mice', 'Hamsters')",Mammals,8.142543859649123,0.0,
226,Mammals,General,"('Mice', 'Squirrels')",Mammals,8.31140350877193,0.0,
258,Mammals,General,"('Squirrels', 'Hedgehogs')",Mammals,8.317982456140351,0.0,
289,Mammals,General,"('Hedgehogs', 'Beavers')",Mammals,8.410087719298247,0.0,
252,Mammals,General,"('Hedgehogs', 'Hamsters')",Mammals,8.482456140350877,0.0,
255,Mammals,General,"('Hamsters', 'Squirrels')",Mammals,8.491228070175438,0.0,
247,Mammals,General,"('Beavers', 'Mice')",Mammals,8.521929824561402,0.0,
295,Mammals,General,"('Squirrels', 'Beavers')",Mammals,8.567982456140351,0.0,
246,Mammals,General,"('Rabbits', 'Mice')",Mammals,8.646929824561404,0.0,
291,Mammals,General,"('Rabbits', 'Squirrels')",Mammals,8.664473684210527,0.0,
221,Mammals,General,"('Hedgehogs', 'Rabbits')",Mammals,8.692982456140351,0.0,
249,Mammals,General,"('Rabbits', 'Hamsters')",Mammals,8.714912280701755,0.0,
218,Mammals,General,"('Beavers', 'Rabbits')",Mammals,8.81140350877193,0.0,
264,Mammals,General,"('Rhinos', 'Elephants')",Mammals,8.817982456140351,0.0,
222,Mammals,General,"('Hamsters', 'Beavers')",Mammals,8.820175438596491,0.0,
242,Mammals,General,"('Hippos', 'Rhinos')",Mammals,8.837719298245615,0.0,
214,Mammals,General,"('Elephants', 'Hippos')",Mammals,8.896929824561404,0.0,
208,Mammals,General,"('Giraffes', 'Elephants')",Mammals,9.015350877192983,0.0,
260,Mammals,General,"('Camels', 'Giraffes')",Mammals,9.133771929824562,0.0,
211,Mammals,General,"('Giraffes', 'Rhinos')",Mammals,9.140350877192981,0.0,
231,Mammals,General,"('Elephants', 'Camels')",Mammals,9.206140350877194,0.0,
280,Mammals,General,"('Beavers', 'Sheep')",Mammals,9.217105263157896,0.0,
263,Mammals,General,"('Sheep', 'Hedgehogs')",Mammals,9.219298245614034,0.0,
229,Mammals,General,"('Hippos', 'Giraffes')",Mammals,9.228070175438596,0.0,
279,Mammals,General,"('Cows', 'Elephants')",Mammals,9.307017543859649,0.0,
292,Mammals,General,"('Wolves', 'Foxes')",Mammals,9.322368421052632,0.0,
213,Mammals,General,"('Rhinos', 'Cows')",Mammals,9.355263157894738,0.0,
232,Mammals,General,"('Dogs', 'Foxes')",Mammals,9.394736842105264,0.0,
266,Mammals,General,"('Wolves', 'Dogs')",Mammals,9.445175438596491,0.0,
223,Mammals,General,"('Tigers', 'Lions')",Mammals,9.449561403508772,0.0,
259,Mammals,General,"('Foxes', 'Beavers')",Mammals,9.526315789473685,0.0,
287,Mammals,General,"('Sheep', 'Rabbits')",Mammals,9.55263157894737,0.0,
216,Mammals,General,"('Sheep', 'Deer')",Mammals,9.57236842105263,0.0,
244,Mammals,General,"('Sheep', 'Giraffes')",Mammals,9.583333333333334,0.0,
262,Mammals,General,"('Elephants', 'Hedgehogs')",Mammals,9.587719298245615,0.0,
282,Mammals,General,"('Sheep', 'Elephants')",Mammals,9.589912280701755,0.0,
202,Mammals,General,"('Foxes', 'Hedgehogs')",Mammals,9.598684210526315,0.0,
297,Mammals,General,"('Sheep', 'Rhinos')",Mammals,9.714912280701755,0.0,
204,Mammals,General,"('Wolves', 'Sheep')",Mammals,9.75,0.0,
271,Mammals,General,"('Hamsters', 'Cats')",Mammals,9.769736842105262,0.0,
236,Mammals,General,"('Donkeys', 'Deer')",Mammals,9.785087719298245,0.0,
220,Mammals,General,"('Hamsters', 'Sheep')",Mammals,9.791666666666666,0.0,
203,Mammals,General,"('Squirrels', 'Foxes')",Mammals,9.800438596491228,0.0,
273,Mammals,General,"('Dogs', 'Mice')",Mammals,9.846491228070176,0.0,
230,Mammals,General,"('Llamas', 'Deer')",Mammals,9.853070175438598,0.0,
210,Mammals,General,"('Rhinos', 'Mice')",Mammals,9.855263157894738,0.0,
238,Mammals,General,"('Beavers', 'Camels')",Mammals,9.861842105263158,0.0,
207,Mammals,General,"('Horses', 'Cows')",Mammals,9.923245614035087,0.0,
241,Mammals,General,"('Sheep', 'Llamas')",Mammals,9.932017543859649,0.0,
281,Mammals,General,"('Cows', 'Hedgehogs')",Mammals,9.942982456140351,0.0,
254,Mammals,General,"('Foxes', 'Lions')",Mammals,10.032894736842104,0.0,
293,Mammals,General,"('Mice', 'Deer')",Mammals,10.032894736842104,0.0,
209,Mammals,General,"('Deer', 'Horses')",Mammals,10.06578947368421,0.0,
224,Mammals,General,"('Cows', 'Lions')",Mammals,10.074561403508772,0.0,
234,Mammals,General,"('Deer', 'Wolves')",Mammals,10.116228070175438,0.0,
275,Mammals,General,"('Giraffes', 'Dogs')",Mammals,10.12938596491228,0.0,
212,Mammals,General,"('Wolves', 'Rhinos')",Mammals,10.140350877192983,0.0,
250,Mammals,General,"('Tigers', 'Dogs')",Mammals,10.142543859649122,0.0,
290,Mammals,General,"('Tigers', 'Foxes')",Mammals,10.164473684210526,0.0,
200,Mammals,General,"('Beavers', 'Tigers')",Mammals,10.206140350877194,0.0,
225,Mammals,General,"('Tigers', 'Cows')",Mammals,10.225877192982457,0.0,
265,Mammals,General,"('Dogs', 'Hamsters')",Mammals,10.232456140350877,0.0,
253,Mammals,General,"('Foxes', 'Camels')",Mammals,10.282894736842104,0.0,
278,Mammals,General,"('Sheep', 'Horses')",Mammals,10.293859649122806,0.0,
206,Mammals,General,"('Foxes', 'Hippos')",Mammals,10.324561403508772,0.0,
217,Mammals,General,"('Zebras', 'Lions')",Mammals,10.390350877192983,0.0,
227,Mammals,General,"('Llamas', 'Beavers')",Mammals,10.423245614035087,0.0,
294,Mammals,General,"('Rabbits', 'Lions')",Mammals,10.427631578947368,0.0,
296,Mammals,General,"('Llamas', 'Lions')",Mammals,10.432017543859649,0.0,
267,Mammals,General,"('Beavers', 'Zebras')",Mammals,10.473684210526317,0.0,
261,Mammals,General,"('Squirrels', 'Tigers')",Mammals,10.484649122807017,0.0,
274,Mammals,General,"('Cats', 'Giraffes')",Mammals,10.49561403508772,0.0,
288,Mammals,General,"('Wolves', 'Llamas')",Mammals,10.508771929824562,0.0,
257,Mammals,General,"('Rhinos', 'Cats')",Mammals,10.513157894736842,0.0,
276,Mammals,General,"('Llamas', 'Dogs')",Mammals,10.56140350877193,0.0,
286,Mammals,General,"('Dogs', 'Donkeys')",Mammals,10.594298245614034,0.0,
283,Mammals,General,"('Llamas', 'Foxes')",Mammals,10.600877192982457,0.0,
219,Mammals,General,"('Rabbits', 'Donkeys')",Mammals,10.642543859649123,0.0,
277,Mammals,General,"('Foxes', 'Donkeys')",Mammals,10.646929824561402,0.0,
285,Mammals,General,"('Squirrels', 'Llamas')",Mammals,10.708333333333334,0.0,
248,Mammals,General,"('Tigers', 'Horses')",Mammals,10.723684210526315,0.0,
237,Mammals,General,"('Zebras', 'Foxes')",Mammals,10.730263157894735,0.0,
243,Mammals,General,"('Rabbits', 'Llamas')",Mammals,10.75,0.0,
205,Mammals,General,"('Squirrels', 'Zebras')",Mammals,10.758771929824562,0.0,
251,Mammals,General,"('Cows', 'Cats')",Mammals,10.7609649122807,0.0,
272,Mammals,General,"('Mice', 'Horses')",Mammals,10.780701754385964,0.0,
245,Mammals,General,"('Wolves', 'Horses')",Mammals,10.875,0.0,
240,Mammals,General,"('Zebras', 'Rabbits')",Mammals,10.88157894736842,0.0,
284,Mammals,General,"('Dogs', 'Horses')",Mammals,10.918859649122808,0.0,
228,Mammals,General,"('Cats', 'Llamas')",Mammals,10.949561403508772,0.0,
269,Mammals,General,"('Horses', 'Foxes')",Mammals,10.962719298245611,0.0,
201,Mammals,General,"('Horses', 'Squirrels')",Mammals,10.984649122807019,0.0,
235,Mammals,General,"('Llamas', 'Hamsters')",Mammals,10.984649122807019,0.0,
268,Mammals,General,"('Donkeys', 'Cats')",Mammals,11.002192982456142,0.0,
215,Mammals,General,"('Rabbits', 'Horses')",Mammals,11.019736842105265,0.0,
239,Mammals,General,"('Zebras', 'Hamsters')",Mammals,11.032894736842104,0.0,
270,Mammals,General,"('Cats', 'Zebras')",Mammals,11.052631578947368,0.0,
299,Mammals,General,"('Hamsters', 'Horses')",Mammals,11.25438596491228,0.0,
256,Mammals,General,"('Horses', 'Cats')",Mammals,11.31578947368421,0.0,
300,Mammals,Specific,"('Hedgehogs', 'Mice')",Hippos,6.585526315789474,0.0,
424,Mammals,Specific,"('Squirrels', 'Hamsters')",Rhinos,6.824561403508772,0.0,
320,Mammals,Specific,"('Giraffes', 'Rhinos')",Hamsters,6.938596491228069,0.0,
327,Mammals,Specific,"('Beavers', 'Mice')",Elephants,6.971491228070175,0.0,
325,Mammals,Specific,"('Rhinos', 'Elephants')",Squirrels,6.987938596491228,0.0,
402,Mammals,Specific,"('Beavers', 'Squirrels')",Elephants,6.994517543859649,0.0,
349,Mammals,Specific,"('Beavers', 'Hedgehogs')",Giraffes,7.020833333333334,0.0,
416,Mammals,Specific,"('Rabbits', 'Mice')",Rhinos,7.0866228070175445,0.0,
397,Mammals,Specific,"('Squirrels', 'Hedgehogs')",Cows,7.1063596491228065,0.0,
411,Mammals,Specific,"('Hamsters', 'Mice')",Deer,7.176535087719298,0.0,
421,Mammals,Specific,"('Donkeys', 'Giraffes')",Hamsters,7.425438596491228,0.0,
378,Mammals,Specific,"('Elephants', 'Cows')",Squirrels,7.495614035087719,0.0,
348,Mammals,Specific,"('Beavers', 'Mice')",Horses,7.49780701754386,0.0,
317,Mammals,Specific,"('Lions', 'Hippos')",Mice,7.678728070175438,0.0,
373,Mammals,Specific,"('Cows', 'Hippos')",Hedgehogs,7.68859649122807,0.0,
429,Mammals,Specific,"('Rhinos', 'Cows')",Hedgehogs,7.756578947368421,0.0,
360,Mammals,Specific,"('Foxes', 'Hedgehogs')",Elephants,7.7730263157894735,0.0,
356,Mammals,Specific,"('Rabbits', 'Beavers')",Rhinos,7.879385964912281,0.0,
401,Mammals,Specific,"('Cows', 'Horses')",Hedgehogs,7.908991228070175,0.0,
394,Mammals,Specific,"('Rhinos', 'Elephants')",Sheep,7.9089912280701755,0.0,
338,Mammals,Specific,"('Giraffes', 'Zebras')",Cats,7.948464912280702,0.0,
372,Mammals,Specific,"('Cows', 'Zebras')",Hamsters,7.981359649122807,0.0,
328,Mammals,Specific,"('Hedgehogs', 'Giraffes')",Dogs,8.098684210526315,0.0,
406,Mammals,Specific,"('Rhinos', 'Cows')",Beavers,8.151315789473685,0.0,
380,Mammals,Specific,"('Elephants', 'Foxes')",Mice,8.242324561403509,0.0,
386,Mammals,Specific,"('Sheep', 'Hippos')",Squirrels,8.42543859649123,0.0,
367,Mammals,Specific,"('Deer', 'Elephants')",Rabbits,8.521929824561404,0.0,
434,Mammals,Specific,"('Wolves', 'Horses')",Hamsters,8.542763157894736,0.0,
307,Mammals,Specific,"('Dogs', 'Cows')",Mice,8.544956140350877,0.0,
336,Mammals,Specific,"('Foxes', 'Cows')",Hedgehogs,8.596491228070175,0.0,
432,Mammals,Specific,"('Camels', 'Deer')",Cats,8.62938596491228,0.0,
409,Mammals,Specific,"('Mice', 'Dogs')",Elephants,8.633771929824562,0.0,
329,Mammals,Specific,"('Camels', 'Hippos')",Sheep,8.734649122807017,0.0,
335,Mammals,Specific,"('Hedgehogs', 'Elephants')",Donkeys,8.767543859649123,0.0,
357,Mammals,Specific,"('Tigers', 'Cats')",Sheep,8.804824561403509,0.0,
365,Mammals,Specific,"('Dogs', 'Cows')",Beavers,8.80811403508772,0.0,
305,Mammals,Specific,"('Sheep', 'Cows')",Giraffes,8.827850877192983,0.0,
420,Mammals,Specific,"('Lions', 'Squirrels')",Deer,9.039473684210526,0.0,
322,Mammals,Specific,"('Zebras', 'Mice')",Foxes,9.119517543859649,0.0,
343,Mammals,Specific,"('Deer', 'Hedgehogs')",Sheep,9.12609649122807,0.0,
318,Mammals,Specific,"('Mice', 'Sheep')",Squirrels,9.248903508771928,0.0,
408,Mammals,Specific,"('Camels', 'Foxes')",Beavers,9.299342105263158,0.0,
395,Mammals,Specific,"('Mice', 'Cats')",Rabbits,9.339912280701753,0.0,
312,Mammals,Specific,"('Elephants', 'Wolves')",Zebras,9.461622807017545,0.0,
384,Mammals,Specific,"('Cats', 'Elephants')",Beavers,9.514254385964913,0.0,
427,Mammals,Specific,"('Hedgehogs', 'Hippos')",Horses,9.514254385964913,0.0,
413,Mammals,Specific,"('Donkeys', 'Mice')",Sheep,9.694078947368421,0.0,
431,Mammals,Specific,"('Hippos', 'Horses')",Tigers,9.707236842105264,0.0,
334,Mammals,Specific,"('Camels', 'Lions')",Zebras,9.714912280701753,0.0,
414,Mammals,Specific,"('Squirrels', 'Beavers')",Rabbits,9.731359649122808,0.0,
403,Mammals,Specific,"('Tigers', 'Llamas')",Hippos,9.87280701754386,0.0,
355,Mammals,Specific,"('Donkeys', 'Dogs')",Lions,9.928728070175438,0.0,
315,Mammals,Specific,"('Hippos', 'Hedgehogs')",Zebras,10.06688596491228,0.0,
304,Mammals,Specific,"('Rabbits', 'Wolves')",Beavers,10.098684210526315,0.0,
375,Mammals,Specific,"('Squirrels', 'Horses')",Rhinos,10.334429824561404,0.0,
346,Mammals,Specific,"('Tigers', 'Hamsters')",Llamas,10.343201754385966,0.0,
344,Mammals,Specific,"('Zebras', 'Sheep')",Cows,10.36293859649123,0.0,
337,Mammals,Specific,"('Cats', 'Elephants')",Foxes,10.514254385964913,0.0,
390,Mammals,Specific,"('Hedgehogs', 'Hippos')",Elephants,10.56688596491228,0.0,
341,Mammals,Specific,"('Donkeys', 'Sheep')",Llamas,10.639254385964913,0.0,
366,Mammals,Specific,"('Rhinos', 'Donkeys')",Llamas,10.705043859649123,0.0,
383,Mammals,Specific,"('Hamsters', 'Tigers')",Wolves,10.711622807017545,0.0,
407,Mammals,Specific,"('Sheep', 'Dogs')",Cats,10.803728070175438,0.0,
388,Mammals,Specific,"('Hippos', 'Wolves')",Lions,10.845394736842106,0.0,
321,Mammals,Specific,"('Beavers', 'Hamsters')",Rabbits,10.857456140350877,0.0,
306,Mammals,Specific,"('Foxes', 'Lions')",Cats,10.990131578947368,0.0,
423,Mammals,Specific,"('Camels', 'Rhinos')",Llamas,11.051535087719298,0.0,
301,Mammals,Specific,"('Hippos', 'Dogs')",Cats,11.12938596491228,0.0,
391,Mammals,Specific,"('Deer', 'Cats')",Lions,11.239035087719298,0.0,
398,Mammals,Specific,"('Dogs', 'Zebras')",Cats,11.321271929824562,0.0,
353,Mammals,Specific,"('Sheep', 'Hamsters')",Rabbits,11.343201754385966,0.0,
371,Mammals,Specific,"('Rabbits', 'Llamas')",Horses,11.375,0.0,
419,Mammals,Specific,"('Foxes', 'Wolves')",Dogs,11.424342105263158,0.0,
310,Mammals,Specific,"('Mice', 'Foxes')",Hamsters,11.582236842105264,0.0,
342,Mammals,Specific,"('Wolves', 'Zebras')",Donkeys,11.603070175438596,0.0,
314,Mammals,Specific,"('Rabbits', 'Lions')",Hamsters,11.661184210526315,0.0,
359,Mammals,Specific,"('Llamas', 'Squirrels')",Camels,11.722587719298247,0.0,
332,Mammals,Specific,"('Rabbits', 'Zebras')",Donkeys,11.730263157894736,0.0,
319,Mammals,Specific,"('Squirrels', 'Dogs')",Wolves,11.73793859649123,0.0,
404,Mammals,Specific,"('Dogs', 'Deer')",Wolves,11.839912280701753,0.0,
326,Mammals,Specific,"('Mice', 'Donkeys')",Hamsters,11.930921052631579,0.0,
412,Mammals,Specific,"('Dogs', 'Llamas')",Wolves,12.043859649122808,0.0,
350,Mammals,Specific,"('Lions', 'Deer')",Tigers,12.236842105263158,0.0,
389,Mammals,Specific,"('Hedgehogs', 'Lions')",Tigers,12.294956140350877,0.0,
417,Mammals,Specific,"('Zebras', 'Tigers')",Cats,12.37938596491228,0.0,
364,Mammals,Specific,"('Tigers', 'Squirrels')",Cats,12.400219298245613,0.0,
382,Mammals,Specific,"('Squirrels', 'Lions')",Tigers,12.407894736842104,0.0,
339,Mammals,Specific,"('Tigers', 'Rabbits')",Cats,12.43859649122807,0.0,
316,Mammals,Specific,"('Zebras', 'Hippos')",Horses,12.450657894736842,0.0,
385,Mammals,Specific,"('Cats', 'Hippos')",Tigers,12.455043859649123,0.0,
433,Mammals,Specific,"('Camels', 'Horses')",Zebras,12.474780701754387,0.0,
369,Mammals,Specific,"('Tigers', 'Rabbits')",Lions,12.491228070175438,0.0,
303,Mammals,Specific,"('Zebras', 'Deer')",Horses,12.492324561403509,0.0,
392,Mammals,Specific,"('Tigers', 'Donkeys')",Lions,12.527412280701753,0.0,
331,Mammals,Specific,"('Lions', 'Hamsters')",Tigers,12.549342105263158,0.0,
309,Mammals,Specific,"('Zebras', 'Horses')",Donkeys,13.156798245614034,0.0,
352,Mammals,Specific,"('Horses', 'Elephants')",Donkeys,13.26206140350877,0.0,
393,Mammals,Specific,"('Horses', 'Hippos')",Donkeys,13.338815789473685,0.0,
363,Mammals,Specific,"('Hamsters', 'Donkeys')",Horses,13.667763157894736,0.0,
345,Mammals,Specific,"('Horses', 'Foxes')",Donkeys,13.718201754385962,0.0,
302,Mammals,Specific,"('Cows', 'Chimps')",Horses,,1.0,0.79
308,Mammals,Specific,"('Cows', 'Dolphins')",Horses,,1.0,0.73
311,Mammals,Specific,"('Cows', 'Elephants')",Horses,,1.0,0.75
313,Mammals,Specific,"('Seals', 'Rhinos')",Horses,,1.0,0.56
323,Mammals,Specific,"('Chimps', 'Squirrels')",Horses,,1.0,0.4
324,Mammals,Specific,"('Chimps', 'Mice')",Horses,,1.0,0.42
330,Mammals,Specific,"('Mice', 'Seals')",Horses,,1.0,0.25
333,Mammals,Specific,"('Gorillas', 'Squirrels')",Horses,,1.0,0.47
340,Mammals,Specific,"('Squirrels', 'Rhinos')",Horses,,1.0,0.61
347,Mammals,Specific,"('Cows', 'Seals')",Horses,,1.0,0.73
351,Mammals,Specific,"('Gorillas', 'Mice')",Horses,,1.0,0.48
354,Mammals,Specific,"('Seals', 'Elephants')",Horses,,1.0,0.51
358,Mammals,Specific,"('Cows', 'Mice')",Horses,,1.0,0.74
361,Mammals,Specific,"('Mice', 'Elephants')",Horses,,1.0,0.58
362,Mammals,Specific,"('Gorillas', 'Elephants')",Horses,,1.0,0.61
368,Mammals,Specific,"('Squirrels', 'Elephants')",Horses,,1.0,0.54
370,Mammals,Specific,"('Chimps', 'Dolphins')",Horses,,1.0,0.4
374,Mammals,Specific,"('Cows', 'Rhinos')",Horses,,1.0,0.77
376,Mammals,Specific,"('Chimps', 'Gorillas')",Horses,,1.0,0.23
377,Mammals,Specific,"('Cows', 'Squirrels')",Horses,,1.0,0.72
379,Mammals,Specific,"('Mice', 'Dolphins')",Horses,,1.0,0.28
381,Mammals,Specific,"('Squirrels', 'Dolphins')",Horses,,1.0,0.32
387,Mammals,Specific,"('Cows', 'Gorillas')",Horses,,1.0,0.75
396,Mammals,Specific,"('Dolphins', 'Elephants')",Horses,,1.0,0.51
399,Mammals,Specific,"('Chimps', 'Elephants')",Horses,,1.0,0.59
400,Mammals,Specific,"('Dolphins', 'Seals')",Horses,,1.0,0.06
405,Mammals,Specific,"('Gorillas', 'Dolphins')",Horses,,1.0,0.38
410,Mammals,Specific,"('Gorillas', 'Seals')",Horses,,1.0,0.41
415,Mammals,Specific,"('Mice', 'Squirrels')",Horses,,1.0,0.17
418,Mammals,Specific,"('Squirrels', 'Seals')",Horses,,1.0,0.26
422,Mammals,Specific,"('Chimps', 'Seals')",Horses,,1.0,0.43
425,Mammals,Specific,"('Elephants', 'Rhinos')",Horses,,1.0,0.57
426,Mammals,Specific,"('Dolphins', 'Rhinos')",Horses,,1.0,0.54
428,Mammals,Specific,"('Mice', 'Rhinos')",Horses,,1.0,0.62
430,Mammals,Specific,"('Gorillas', 'Rhinos')",Horses,,1.0,0.63
435,Mammals,Specific,"('Chimps', 'Rhinos')",Horses,,1.0,0.64
497,Vehicles,General,"('Skateboards', 'Sleds')",Vehicles,7.472222222222221,0.0,
474,Vehicles,General,"('Helicopters', 'Rockets')",Vehicles,7.547222222222222,0.0,
489,Vehicles,General,"('Rockets', 'Zeppelins')",Vehicles,7.6305555555555555,0.0,
534,Vehicles,General,"('Submarines', 'Hovercraft')",Vehicles,7.661111111111111,0.0,
467,Vehicles,General,"('Submarines', 'Rockets')",Vehicles,7.697222222222223,0.0,
524,Vehicles,General,"('Zeppelins', 'Helicopters')",Vehicles,7.766666666666667,0.0,
442,Vehicles,General,"('Hovercraft', 'Rockets')",Vehicles,7.919444444444444,0.0,
492,Vehicles,General,"('Boats', 'Submarines')",Vehicles,7.963888888888889,0.0,
523,Vehicles,General,"('Zeppelins', 'Submarines')",Vehicles,7.974999999999999,0.0,
520,Vehicles,General,"('Rockets', 'Skateboards')",Vehicles,8.005555555555555,0.0,
462,Vehicles,General,"('Airplanes', 'Helicopters')",Vehicles,8.063888888888888,0.0,
460,Vehicles,General,"('Boats', 'Hovercraft')",Vehicles,8.1,0.0,
504,Vehicles,General,"('Submarines', 'Helicopters')",Vehicles,8.116666666666667,0.0,
469,Vehicles,General,"('Airplanes', 'Rockets')",Vehicles,8.130555555555555,0.0,
453,Vehicles,General,"('Skateboards', 'Bicycles')",Vehicles,8.174999999999999,0.0,
441,Vehicles,General,"('Hovercraft', 'Zeppelins')",Vehicles,8.205555555555556,0.0,
514,Vehicles,General,"('Airplanes', 'Zeppelins')",Vehicles,8.252777777777778,0.0,
457,Vehicles,General,"('Helicopters', 'Skateboards')",Vehicles,8.291666666666666,0.0,
488,Vehicles,General,"('Skateboards', 'Submarines')",Vehicles,8.297222222222222,0.0,
509,Vehicles,General,"('Helicopters', 'Hovercraft')",Vehicles,8.302777777777777,0.0,
494,Vehicles,General,"('Bicycles', 'Mopeds')",Vehicles,8.408333333333333,0.0,
480,Vehicles,General,"('Rockets', 'Sleds')",Vehicles,8.419444444444444,0.0,
445,Vehicles,General,"('Hovercraft', 'Skateboards')",Vehicles,8.480555555555556,0.0,
472,Vehicles,General,"('Motorbikes', 'Bicycles')",Vehicles,8.480555555555556,0.0,
515,Vehicles,General,"('Boats', 'Rockets')",Vehicles,8.519444444444444,0.0,
533,Vehicles,General,"('Bicycles', 'Sleds')",Vehicles,8.527777777777779,0.0,
500,Vehicles,General,"('Skateboards', 'Zeppelins')",Vehicles,8.616666666666667,0.0,
471,Vehicles,General,"('Sleds', 'Submarines')",Vehicles,8.636111111111111,0.0,
436,Vehicles,General,"('Helicopters', 'Sleds')",Vehicles,8.638888888888888,0.0,
461,Vehicles,General,"('Zeppelins', 'Boats')",Vehicles,8.680555555555555,0.0,
470,Vehicles,General,"('Mopeds', 'Skateboards')",Vehicles,8.691666666666666,0.0,
437,Vehicles,General,"('Submarines', 'Airplanes')",Vehicles,8.722222222222221,0.0,
479,Vehicles,General,"('Boats', 'Skateboards')",Vehicles,8.758333333333333,0.0,
490,Vehicles,General,"('Skateboards', 'Motorbikes')",Vehicles,8.761111111111113,0.0,
517,Vehicles,General,"('Hovercraft', 'Sleds')",Vehicles,8.808333333333332,0.0,
495,Vehicles,General,"('Tractors', 'Skateboards')",Vehicles,8.838888888888889,0.0,
496,Vehicles,General,"('Bicycles', 'Rockets')",Vehicles,8.880555555555555,0.0,
487,Vehicles,General,"('Skateboards', 'Carts')",Vehicles,8.96111111111111,0.0,
502,Vehicles,General,"('Boats', 'Sleds')",Vehicles,9.041666666666666,0.0,
448,Vehicles,General,"('Caravans', 'Sleds')",Vehicles,9.16388888888889,0.0,
465,Vehicles,General,"('Trams', 'Sleds')",Vehicles,9.197222222222221,0.0,
513,Vehicles,General,"('Motorbikes', 'Sleds')",Vehicles,9.197222222222223,0.0,
519,Vehicles,General,"('Mopeds', 'Tractors')",Vehicles,9.200000000000001,0.0,
535,Vehicles,General,"('Tractors', 'Helicopters')",Vehicles,9.238888888888889,0.0,
530,Vehicles,General,"('Tractors', 'Trams')",Vehicles,9.269444444444444,0.0,
516,Vehicles,General,"('Sleds', 'Carriages')",Vehicles,9.322222222222223,0.0,
532,Vehicles,General,"('Mopeds', 'Helicopters')",Vehicles,9.325000000000001,0.0,
511,Vehicles,General,"('Rockets', 'Trains')",Vehicles,9.344444444444445,0.0,
522,Vehicles,General,"('Submarines', 'Mopeds')",Vehicles,9.344444444444445,0.0,
484,Vehicles,General,"('Helicopters', 'Trams')",Vehicles,9.405555555555555,0.0,
528,Vehicles,General,"('Submarines', 'Trams')",Vehicles,9.411111111111111,0.0,
481,Vehicles,General,"('Caravans', 'Carts')",Vehicles,9.419444444444446,0.0,
438,Vehicles,General,"('Submarines', 'Motorbikes')",Vehicles,9.427777777777779,0.0,
464,Vehicles,General,"('Trains', 'Tractors')",Vehicles,9.491666666666667,0.0,
455,Vehicles,General,"('Caravans', 'Boats')",Vehicles,9.516666666666666,0.0,
473,Vehicles,General,"('Zeppelins', 'Trains')",Vehicles,9.602777777777778,0.0,
478,Vehicles,General,"('Caravans', 'Jeeps')",Vehicles,9.636111111111111,0.0,
505,Vehicles,General,"('Caravans', 'Zeppelins')",Vehicles,9.652777777777777,0.0,
483,Vehicles,General,"('Mopeds', 'Caravans')",Vehicles,9.705555555555556,0.0,
525,Vehicles,General,"('Taxis', 'Skateboards')",Vehicles,9.772222222222222,0.0,
501,Vehicles,General,"('Trams', 'Taxis')",Vehicles,9.866666666666667,0.0,
439,Vehicles,General,"('Rockets', 'Jeeps')",Vehicles,9.902777777777779,0.0,
526,Vehicles,General,"('Trains', 'Buses')",Vehicles,9.933333333333332,0.0,
459,Vehicles,General,"('Motorbikes', 'Airplanes')",Vehicles,9.947222222222223,0.0,
506,Vehicles,General,"('Jeeps', 'Bicycles')",Vehicles,9.952777777777778,0.0,
446,Vehicles,General,"('Taxis', 'Cars')",Vehicles,9.966666666666667,0.0,
521,Vehicles,General,"('Trucks', 'Jeeps')",Vehicles,9.997222222222222,0.0,
466,Vehicles,General,"('Carriages', 'Trains')",Vehicles,10.022222222222222,0.0,
468,Vehicles,General,"('Mopeds', 'Jeeps')",Vehicles,10.03888888888889,0.0,
476,Vehicles,General,"('Submarines', 'Carriages')",Vehicles,10.066666666666666,0.0,
498,Vehicles,General,"('Carriages', 'Helicopters')",Vehicles,10.152777777777779,0.0,
507,Vehicles,General,"('Trucks', 'Skateboards')",Vehicles,10.169444444444444,0.0,
529,Vehicles,General,"('Jeeps', 'Hovercraft')",Vehicles,10.172222222222222,0.0,
508,Vehicles,General,"('Zeppelins', 'Carriages')",Vehicles,10.280555555555555,0.0,
463,Vehicles,General,"('Vans', 'Bicycles')",Vehicles,10.291666666666666,0.0,
531,Vehicles,General,"('Trucks', 'Boats')",Vehicles,10.319444444444445,0.0,
452,Vehicles,General,"('Helicopters', 'Vans')",Vehicles,10.338888888888889,0.0,
454,Vehicles,General,"('Taxis', 'Zeppelins')",Vehicles,10.430555555555555,0.0,
503,Vehicles,General,"('Buses', 'Submarines')",Vehicles,10.48611111111111,0.0,
485,Vehicles,General,"('Vans', 'Zeppelins')",Vehicles,10.488888888888889,0.0,
482,Vehicles,General,"('Cars', 'Skateboards')",Vehicles,10.508333333333335,0.0,
512,Vehicles,General,"('Buses', 'Hovercraft')",Vehicles,10.527777777777777,0.0,
443,Vehicles,General,"('Carts', 'Cars')",Vehicles,10.566666666666666,0.0,
510,Vehicles,General,"('Buses', 'Carts')",Vehicles,10.58888888888889,0.0,
493,Vehicles,General,"('Cars', 'Trucks')",Vehicles,10.591666666666667,0.0,
527,Vehicles,General,"('Trucks', 'Motorbikes')",Vehicles,10.602777777777778,0.0,
486,Vehicles,General,"('Carriages', 'Cars')",Vehicles,10.688888888888888,0.0,
447,Vehicles,General,"('Airplanes', 'Vans')",Vehicles,10.68888888888889,0.0,
499,Vehicles,General,"('Bicycles', 'Buses')",Vehicles,10.725,0.0,
451,Vehicles,General,"('Mopeds', 'Buses')",Vehicles,10.733333333333334,0.0,
477,Vehicles,General,"('Buses', 'Motorbikes')",Vehicles,10.772222222222224,0.0,
475,Vehicles,General,"('Rockets', 'Cars')",Vehicles,10.800000000000002,0.0,
449,Vehicles,General,"('Cars', 'Mopeds')",Vehicles,10.825000000000001,0.0,
458,Vehicles,General,"('Buses', 'Cars')",Vehicles,10.933333333333332,0.0,
450,Vehicles,General,"('Cars', 'Submarines')",Vehicles,10.966666666666667,0.0,
456,Vehicles,General,"('Helicopters', 'Cars')",Vehicles,11.002777777777778,0.0,
444,Vehicles,General,"('Boats', 'Cars')",Vehicles,11.036111111111111,0.0,
518,Vehicles,General,"('Cars', 'Hovercraft')",Vehicles,11.036111111111111,0.0,
440,Vehicles,General,"('Cars', 'Zeppelins')",Vehicles,11.119444444444445,0.0,
491,Vehicles,General,"('Airplanes', 'Cars')",Vehicles,11.313888888888888,0.0,
580,Vehicles,Specific,"('Rockets', 'Submarines')",Sleds,5.881944444444445,0.0,
604,Vehicles,Specific,"('Zeppelins', 'Helicopters')",Skateboards,6.083333333333334,0.0,
621,Vehicles,Specific,"('Zeppelins', 'Rockets')",Carts,6.215277777777778,0.0,
572,Vehicles,Specific,"('Boats', 'Submarines')",Sleds,6.381944444444445,0.0,
586,Vehicles,Specific,"('Bicycles', 'Skateboards')",Zeppelins,6.454166666666666,0.0,
609,Vehicles,Specific,"('Rockets', 'Zeppelins')",Trams,6.548611111111111,0.0,
594,Vehicles,Specific,"('Skateboards', 'Bicycles')",Airplanes,6.554166666666666,0.0,
632,Vehicles,Specific,"('Rockets', 'Submarines')",Vans,6.615277777777778,0.0,
547,Vehicles,Specific,"('Rockets', 'Helicopters')",Motorbikes,6.6402777777777775,0.0,
587,Vehicles,Specific,"('Submarines', 'Zeppelins')",Carriages,6.6875,0.0,
558,Vehicles,Specific,"('Sleds', 'Submarines')",Tractors,6.918055555555556,0.0,
539,Vehicles,Specific,"('Sleds', 'Caravans')",Rockets,7.0152777777777775,0.0,
625,Vehicles,Specific,"('Carts', 'Carriages')",Submarines,7.065277777777777,0.0,
628,Vehicles,Specific,"('Airplanes', 'Helicopters')",Jeeps,7.165277777777778,0.0,
553,Vehicles,Specific,"('Boats', 'Helicopters')",Mopeds,7.236111111111111,0.0,
552,Vehicles,Specific,"('Sleds', 'Airplanes')",Tractors,7.344444444444445,0.0,
611,Vehicles,Specific,"('Zeppelins', 'Airplanes')",Trams,7.3597222222222225,0.0,
567,Vehicles,Specific,"('Skateboards', 'Carriages')",Zeppelins,7.361111111111112,0.0,
596,Vehicles,Specific,"('Vans', 'Taxis')",Rockets,7.470833333333334,0.0,
614,Vehicles,Specific,"('Bicycles', 'Carriages')",Helicopters,7.580555555555556,0.0,
574,Vehicles,Specific,"('Skateboards', 'Carriages')",Hovercraft,7.594444444444445,0.0,
608,Vehicles,Specific,"('Helicopters', 'Zeppelins')",Boats,7.65,0.0,
570,Vehicles,Specific,"('Submarines', 'Sleds')",Caravans,7.651388888888889,0.0,
548,Vehicles,Specific,"('Helicopters', 'Bicycles')",Taxis,7.729166666666666,0.0,
606,Vehicles,Specific,"('Rockets', 'Boats')",Trains,7.959722222222222,0.0,
568,Vehicles,Specific,"('Motorbikes', 'Vans')",Submarines,7.975,0.0,
577,Vehicles,Specific,"('Airplanes', 'Skateboards')",Carts,8.180555555555555,0.0,
607,Vehicles,Specific,"('Submarines', 'Caravans')",Trams,8.409722222222221,0.0,
562,Vehicles,Specific,"('Trucks', 'Jeeps')",Hovercraft,8.431944444444444,0.0,
583,Vehicles,Specific,"('Trams', 'Zeppelins')",Motorbikes,8.434722222222222,0.0,
575,Vehicles,Specific,"('Taxis', 'Hovercraft')",Helicopters,8.540277777777778,0.0,
542,Vehicles,Specific,"('Motorbikes', 'Bicycles')",Carriages,8.64027777777778,0.0,
589,Vehicles,Specific,"('Carriages', 'Caravans')",Boats,8.795833333333334,0.0,
623,Vehicles,Specific,"('Hovercraft', 'Trams')",Airplanes,8.87361111111111,0.0,
612,Vehicles,Specific,"('Motorbikes', 'Submarines')",Tractors,8.880555555555556,0.0,
554,Vehicles,Specific,"('Boats', 'Jeeps')",Motorbikes,8.933333333333334,0.0,
543,Vehicles,Specific,"('Mopeds', 'Airplanes')",Jeeps,9.045833333333334,0.0,
569,Vehicles,Specific,"('Caravans', 'Mopeds')",Trains,9.052777777777777,0.0,
541,Vehicles,Specific,"('Zeppelins', 'Carts')",Submarines,9.283333333333333,0.0,
549,Vehicles,Specific,"('Vans', 'Buses')",Mopeds,9.319444444444445,0.0,
597,Vehicles,Specific,"('Rockets', 'Mopeds')",Cars,9.36111111111111,0.0,
634,Vehicles,Specific,"('Trains', 'Tractors')",Carriages,9.379166666666666,0.0,
546,Vehicles,Specific,"('Trams', 'Bicycles')",Carriages,9.43888888888889,0.0,
556,Vehicles,Specific,"('Carriages', 'Motorbikes')",Trams,9.725000000000001,0.0,
536,Vehicles,Specific,"('Trains', 'Taxis')",Carts,9.734722222222222,0.0,
588,Vehicles,Specific,"('Jeeps', 'Sleds')",Buses,9.743055555555555,0.0,
600,Vehicles,Specific,"('Carts', 'Trains')",Trucks,9.769444444444444,0.0,
601,Vehicles,Specific,"('Sleds', 'Buses')",Airplanes,9.913888888888888,0.0,
566,Vehicles,Specific,"('Caravans', 'Sleds')",Buses,9.981944444444444,0.0,
619,Vehicles,Specific,"('Caravans', 'Carts')",Buses,10.109722222222224,0.0,
585,Vehicles,Specific,"('Helicopters', 'Mopeds')",Zeppelins,10.2625,0.0,
620,Vehicles,Specific,"('Zeppelins', 'Tractors')",Jeeps,10.283333333333331,0.0,
630,Vehicles,Specific,"('Motorbikes', 'Sleds')",Carts,10.431944444444444,0.0,
616,Vehicles,Specific,"('Skateboards', 'Taxis')",Vans,10.452777777777778,0.0,
559,Vehicles,Specific,"('Cars', 'Airplanes')",Tractors,10.690277777777776,0.0,
578,Vehicles,Specific,"('Helicopters', 'Vans')",Taxis,10.73611111111111,0.0,
610,Vehicles,Specific,"('Sleds', 'Buses')",Carriages,10.747222222222222,0.0,
538,Vehicles,Specific,"('Jeeps', 'Trams')",Trucks,10.765277777777778,0.0,
598,Vehicles,Specific,"('Skateboards', 'Trucks')",Caravans,10.784722222222221,0.0,
627,Vehicles,Specific,"('Submarines', 'Buses')",Taxis,11.10972222222222,0.0,
563,Vehicles,Specific,"('Trucks', 'Airplanes')",Jeeps,11.140277777777778,0.0,
582,Vehicles,Specific,"('Tractors', 'Airplanes')",Zeppelins,11.338888888888889,0.0,
550,Vehicles,Specific,"('Trains', 'Carts')",Buses,11.43611111111111,0.0,
555,Vehicles,Specific,"('Bicycles', 'Helicopters')",Mopeds,11.5625,0.0,
537,Vehicles,Specific,"('Trams', 'Boats')",Submarines,11.629166666666666,0.0,
615,Vehicles,Specific,"('Boats', 'Mopeds')",Submarines,11.693055555555556,0.0,
561,Vehicles,Specific,"('Boats', 'Buses')",Trains,11.726388888888888,0.0,
633,Vehicles,Specific,"('Jeeps', 'Trams')",Buses,11.965277777777779,0.0,
544,Vehicles,Specific,"('Bicycles', 'Jeeps')",Mopeds,12.009722222222223,0.0,
560,Vehicles,Specific,"('Buses', 'Rockets')",Trucks,12.011111111111111,0.0,
551,Vehicles,Specific,"('Caravans', 'Helicopters')",Airplanes,12.04861111111111,0.0,
635,Vehicles,Specific,"('Vans', 'Mopeds')",Cars,12.202777777777778,0.0,
593,Vehicles,Specific,"('Airplanes', 'Trucks')",Buses,12.206944444444444,0.0,
565,Vehicles,Specific,"('Sleds', 'Buses')",Trams,12.280555555555555,0.0,
631,Vehicles,Specific,"('Bicycles', 'Trucks')",Motorbikes,12.393055555555556,0.0,
557,Vehicles,Specific,"('Motorbikes', 'Carts')",Carriages,12.397222222222222,0.0,
571,Vehicles,Specific,"('Boats', 'Vans')",Hovercraft,12.465277777777779,0.0,
590,Vehicles,Specific,"('Helicopters', 'Cars')",Vans,12.534722222222221,0.0,
602,Vehicles,Specific,"('Airplanes', 'Trucks')",Helicopters,12.606944444444444,0.0,
579,Vehicles,Specific,"('Carriages', 'Airplanes')",Carts,12.740277777777777,0.0,
545,Vehicles,Specific,"('Vans', 'Tractors')",Trucks,13.030555555555555,0.0,
592,Vehicles,Specific,"('Caravans', 'Trucks')",Vans,13.172222222222224,0.0,
626,Vehicles,Specific,"('Trains', 'Carts')",Trams,13.269444444444446,0.0,
584,Vehicles,Specific,"('Carriages', 'Trains')",Trams,13.277777777777779,0.0,
618,Vehicles,Specific,"('Jeeps', 'Trucks')",Vans,13.29861111111111,0.0,
595,Vehicles,Specific,"('Boats', 'Trucks')",Vans,13.459722222222222,0.0,
573,Vehicles,Specific,"('Rockets', 'Jeeps')",Cars,13.551388888888889,0.0,
540,Vehicles,Specific,"('Cars', 'Trucks')",Vans,13.595833333333335,0.0,
564,Vehicles,Specific,"('Skateboards', 'Mopeds')",Motorbikes,13.6125,0.0,
617,Vehicles,Specific,"('Jeeps', 'Hovercraft')",Cars,13.68611111111111,0.0,
581,Vehicles,Specific,"('Sleds', 'Cars')",Jeeps,13.884722222222223,0.0,
613,Vehicles,Specific,"('Taxis', 'Vans')",Cars,14.004166666666666,0.0,
599,Vehicles,Specific,"('Taxis', 'Carts')",Cars,14.008333333333333,0.0,
591,Vehicles,Specific,"('Taxis', 'Carriages')",Cars,14.033333333333333,0.0,
576,Vehicles,Specific,"('Taxis', 'Rockets')",Cars,14.07638888888889,0.0,
624,Vehicles,Specific,"('Cars', 'Submarines')",Jeeps,14.083333333333332,0.0,
603,Vehicles,Specific,"('Taxis', 'Bicycles')",Cars,14.113888888888889,0.0,
622,Vehicles,Specific,"('Trams', 'Motorbikes')",Mopeds,14.14027777777778,0.0,
605,Vehicles,Specific,"('Motorbikes', 'Trucks')",Mopeds,14.568055555555556,0.0,
629,Vehicles,Specific,"('Cars', 'Motorbikes')",Mopeds,14.695833333333335,0.0,
